ID-Cliente;Tipo (1 Fisico, 2 autonomo, 3 empresa);Empresa;Antiguedad (Meses);Plan;Edad (A¤os);Sexo (1H,0M);Procedencia (1 Extranjero, 0 Local);Estudios;Perfil de Ingresos (1 Bajo,2 Medio, 3 Alto, 4 Ejecutivo);Ciudad (1 MAD - 0 BAR);grupo;Status;Nro llamadas;Plan(Gold3euros-Premium2,7euros)
1;1;No Aplica;18;1;48;M;0;2;3;0;1;Low;3;9
2;1;No Aplica;11;1;69;M;0;3;4;0;1;Low;3;9
3;1;No Aplica;22;1;31;M;1;2;2;0;1;Low;2;6
4;1;No Aplica;3;1;44;H;0;3;3;1;1;Low;2;6
5;1;No Aplica;36;1;57;M;0;3;3;0;1;Low;2;6
6;1;No Aplica;41;1;55;M;0;2;1;1;1;Low;3;9
7;1;No Aplica;35;1;48;M;0;3;3;1;1;Low;2;6
8;1;No Aplica;19;1;39;H;0;3;3;1;1;Low;2;6
9;1;No Aplica;7;1;62;H;0;1;1;1;1;Low;0;0
10;1;No Aplica;20;1;49;M;0;1;3;1;1;Low;0;0
11;1;No Aplica;29;1;49;M;0;1;2;1;1;Low;1;3
12;1;No Aplica;13;1;52;H;0;3;1;1;1;Low;0;0
13;1;No Aplica;21;1;35;M;0;3;1;1;1;Low;3;9
14;1;No Aplica;1;1;69;H;0;1;4;0;1;Low;3;9
15;1;No Aplica;20;1;39;M;0;3;1;1;1;Low;1;3
16;1;No Aplica;39;1;32;H;0;1;1;0;1;Low;1;3
17;1;No Aplica;49;1;67;H;0;2;3;0;1;Low;2;6
18;1;No Aplica;42;1;28;H;0;3;1;0;1;Low;0;0
19;1;No Aplica;19;1;40;M;0;2;2;0;1;Low;0;0
20;1;No Aplica;12;1;27;M;0;1;2;0;1;Low;2;6
21;1;No Aplica;23;1;34;H;0;1;4;1;1;Low;3;9
22;1;No Aplica;34;1;48;M;0;2;1;1;1;Low;3;9
23;1;No Aplica;30;1;42;H;1;1;2;1;1;Low;1;3
24;1;No Aplica;46;1;49;H;0;2;1;0;1;Low;3;9
25;1;No Aplica;10;1;35;M;0;2;1;0;1;Low;0;0
26;1;No Aplica;19;1;59;H;0;2;4;0;1;Low;2;6
27;1;No Aplica;18;1;47;M;1;2;2;1;1;Low;1;3
28;1;No Aplica;32;1;50;M;0;3;3;0;1;Low;3;9
29;1;No Aplica;4;1;65;H;1;3;2;0;1;Low;2;6
51;1;No Aplica;42;1;41;H;0;3;1;1;1;Low;3;9
52;1;No Aplica;44;1;56;M;0;1;2;0;1;Low;0;0
53;1;No Aplica;37;1;40;M;0;3;4;1;1;Low;0;0
54;1;No Aplica;48;1;36;M;0;3;4;0;1;Low;0;0
55;1;No Aplica;31;1;40;M;1;1;1;1;1;Low;3;9
56;1;No Aplica;46;1;63;M;0;2;2;0;1;Low;2;6
57;1;No Aplica;27;1;53;M;1;2;2;1;1;Low;1;3
58;1;No Aplica;1;1;28;H;0;1;2;0;1;Low;2;6
59;1;No Aplica;10;1;41;H;0;2;3;0;1;Low;3;9
60;1;No Aplica;35;1;48;M;0;2;3;0;1;Low;3;9
61;1;No Aplica;21;1;26;M;0;1;1;0;1;Low;3;9
62;1;No Aplica;15;1;34;M;0;1;3;1;1;Low;1;3
63;1;No Aplica;36;1;32;H;0;1;3;1;1;Low;0;0
64;1;No Aplica;23;1;22;H;1;1;2;1;1;Low;1;3
65;1;No Aplica;45;1;27;H;0;3;2;1;1;Low;1;3
66;1;No Aplica;12;1;61;M;1;2;1;0;1;Low;2;6
67;1;No Aplica;41;1;23;H;0;1;3;0;1;Low;2;6
68;1;No Aplica;25;1;51;M;0;1;2;0;1;Low;2;6
69;1;No Aplica;40;1;36;M;0;3;3;0;1;Low;1;3
70;1;No Aplica;29;1;67;M;0;3;3;1;1;Low;1;3
71;1;No Aplica;18;1;55;H;0;1;1;1;1;Low;1;3
72;1;No Aplica;31;1;62;H;1;3;1;1;1;Low;0;0
73;1;No Aplica;10;1;50;H;0;1;3;1;1;Low;3;9
74;1;No Aplica;48;1;62;H;1;2;4;0;1;Low;3;9
75;1;No Aplica;46;1;35;M;0;3;3;1;1;Low;3;9
76;1;No Aplica;27;1;61;H;1;3;3;1;1;Low;1;3
77;1;No Aplica;3;1;68;H;0;2;4;0;1;Low;3;9
78;1;No Aplica;30;1;64;H;0;2;3;0;1;Low;3;9
79;1;No Aplica;32;1;47;H;0;3;2;0;1;Low;0;0
80;1;No Aplica;21;1;29;H;0;3;3;1;1;Low;0;0
81;1;No Aplica;20;1;24;H;0;1;1;1;1;Low;3;9
82;1;No Aplica;14;1;42;M;0;3;4;1;1;Low;0;0
83;1;No Aplica;11;1;67;M;0;2;1;1;1;Low;0;0
84;1;No Aplica;47;1;32;M;0;1;3;1;1;Low;3;9
85;1;No Aplica;39;1;42;M;0;2;2;1;1;Low;2;6
86;1;No Aplica;19;1;29;H;1;1;3;0;1;Low;3;9
87;1;No Aplica;21;1;67;H;0;3;4;0;1;Low;0;0
88;1;No Aplica;9;1;38;H;1;2;3;0;1;Low;0;0
89;1;No Aplica;45;1;29;M;0;2;4;1;1;Low;2;6
90;1;No Aplica;28;1;44;H;0;1;2;0;1;Low;2;6
91;1;No Aplica;38;1;65;H;0;3;1;0;1;Low;3;9
92;1;No Aplica;45;1;35;H;0;1;3;0;1;Low;1;3
93;1;No Aplica;20;1;54;M;0;3;3;0;1;Low;0;0
94;1;No Aplica;44;1;44;H;0;1;3;1;1;Low;2;6
95;1;No Aplica;15;1;26;M;1;2;4;1;1;Low;0;0
96;1;No Aplica;4;1;45;H;0;3;1;1;1;Low;1;3
97;1;No Aplica;28;1;35;M;0;3;2;0;1;Low;1;3
98;1;No Aplica;48;1;36;H;0;1;1;0;1;Low;3;9
99;1;No Aplica;37;1;58;H;0;1;1;0;1;Low;3;9
100;1;No Aplica;7;1;37;H;0;3;3;1;1;Low;0;0
101;1;No Aplica;46;1;50;M;0;2;1;0;1;Low;3;9
102;1;No Aplica;11;1;26;H;1;1;1;0;1;Low;3;9
103;1;No Aplica;41;1;38;H;1;3;2;0;1;Low;0;0
104;1;No Aplica;47;1;52;M;1;2;1;0;1;Low;1;3
105;1;No Aplica;34;1;26;H;0;1;2;1;1;Low;2;6
106;1;No Aplica;15;1;28;H;0;1;3;0;1;Low;0;0
107;1;No Aplica;32;1;29;H;0;1;2;0;1;Low;0;0
108;1;No Aplica;27;1;55;H;0;3;3;0;1;Low;2;6
109;1;No Aplica;34;1;51;M;0;3;2;0;1;Low;2;6
110;1;No Aplica;32;1;35;H;0;1;3;0;1;Low;1;3
111;1;No Aplica;21;1;49;M;1;3;1;0;1;Low;3;9
112;1;No Aplica;7;1;52;H;0;1;1;0;1;Low;2;6
113;1;No Aplica;36;1;38;M;0;1;4;1;1;Low;2;6
114;1;No Aplica;36;1;38;M;1;3;2;0;1;Low;3;9
115;1;No Aplica;44;1;54;H;1;2;3;0;1;Low;1;3
116;1;No Aplica;9;1;28;M;0;1;2;1;1;Low;0;0
117;1;No Aplica;27;1;37;H;0;1;3;0;1;Low;3;9
118;1;No Aplica;47;1;49;H;0;1;2;1;1;Low;0;0
119;1;No Aplica;2;1;50;H;1;3;3;1;1;Low;3;9
120;1;No Aplica;35;1;22;M;0;1;1;0;1;Low;2;6
121;1;No Aplica;8;1;38;M;1;3;4;1;1;Low;1;3
122;1;No Aplica;7;1;64;H;0;3;4;0;1;Low;1;3
123;1;No Aplica;49;1;64;M;0;3;1;0;1;Low;3;9
124;1;No Aplica;49;1;29;M;1;2;2;0;1;Low;1;3
125;1;No Aplica;24;1;44;M;0;2;1;1;1;Low;2;6
126;1;No Aplica;28;1;52;H;0;1;2;1;1;Low;3;9
127;1;No Aplica;47;1;42;M;1;1;4;0;1;Low;3;9
128;1;No Aplica;29;1;24;H;0;1;3;0;1;Low;2;6
129;1;No Aplica;39;1;69;M;0;3;3;0;1;Low;2;6
130;1;No Aplica;26;1;23;H;1;1;2;0;1;Low;3;9
131;1;No Aplica;20;1;28;M;0;2;4;1;1;Low;2;6
132;1;No Aplica;1;1;41;M;0;1;2;1;1;Low;0;0
133;1;No Aplica;7;1;42;H;0;3;2;1;1;Low;3;9
134;1;No Aplica;42;1;57;M;0;3;1;0;1;Low;0;0
135;1;No Aplica;46;1;45;M;0;3;1;1;1;Low;2;6
136;1;No Aplica;19;1;24;H;0;3;2;1;1;Low;1;3
137;1;No Aplica;43;1;59;H;0;2;4;0;1;Low;2;6
138;1;No Aplica;47;1;32;M;0;1;3;1;1;Low;1;3
139;1;No Aplica;4;1;44;H;0;2;1;0;1;Low;3;9
140;1;No Aplica;28;1;33;H;0;2;3;0;1;Low;2;6
141;1;No Aplica;45;1;34;H;0;1;1;1;1;Low;0;0
142;1;No Aplica;16;1;60;M;0;2;1;1;1;Low;2;6
143;1;No Aplica;34;1;62;M;1;2;4;1;1;Low;0;0
144;1;No Aplica;40;1;42;M;0;1;1;0;1;Low;3;9
145;1;No Aplica;16;1;35;M;0;2;1;0;1;Low;3;9
146;1;No Aplica;1;1;31;M;1;2;2;1;1;Low;0;0
147;1;No Aplica;2;1;49;H;1;2;2;0;1;Low;3;9
148;1;No Aplica;8;1;25;M;0;3;2;0;1;Low;2;6
149;1;No Aplica;14;1;56;M;0;2;2;0;1;Low;0;0
150;1;No Aplica;28;1;59;M;0;2;3;1;1;Medium;7;21
151;1;No Aplica;30;1;65;M;1;3;4;0;1;Medium;4;12
152;1;No Aplica;10;1;69;H;0;1;3;0;1;Medium;7;21
153;1;No Aplica;3;1;60;M;0;1;1;0;1;Medium;5;15
154;1;No Aplica;42;1;69;H;0;2;3;1;1;Medium;7;21
155;1;No Aplica;36;1;65;M;0;3;1;0;1;Medium;5;15
156;1;No Aplica;2;1;26;H;1;3;2;0;1;Medium;6;18
157;1;No Aplica;23;1;66;H;0;3;1;1;1;Medium;4;12
158;1;No Aplica;20;1;38;H;0;2;3;1;1;Medium;7;21
159;1;No Aplica;43;1;27;H;0;2;4;0;1;Medium;4;12
160;1;No Aplica;16;1;26;H;0;2;1;1;1;Medium;7;21
161;1;No Aplica;19;1;58;M;1;3;1;0;1;Medium;5;15
162;1;No Aplica;49;1;26;M;1;3;2;1;1;Medium;5;15
163;1;No Aplica;45;1;66;H;0;3;1;1;1;Medium;5;15
164;1;No Aplica;12;1;27;M;1;3;1;1;1;Medium;4;12
165;1;No Aplica;8;1;63;H;1;1;3;0;1;Medium;6;18
166;1;No Aplica;13;1;42;M;0;3;1;0;1;Medium;4;12
167;1;No Aplica;27;1;26;H;1;2;1;0;1;Medium;6;18
168;1;No Aplica;31;1;69;M;0;2;3;1;1;Medium;6;18
169;1;No Aplica;39;1;36;M;0;1;3;1;1;Medium;7;21
170;1;No Aplica;28;1;47;M;0;2;3;1;1;Medium;6;18
171;1;No Aplica;7;1;52;H;0;2;2;0;1;Medium;6;18
172;1;No Aplica;3;1;42;H;0;3;3;0;1;Medium;7;21
173;1;No Aplica;14;1;68;H;0;2;1;1;1;Medium;6;18
174;1;No Aplica;4;1;63;M;0;3;3;1;1;Medium;4;12
175;1;No Aplica;20;1;23;H;1;3;2;1;1;Medium;6;18
176;1;No Aplica;30;1;37;H;0;2;3;0;1;Medium;7;21
177;1;No Aplica;40;1;56;H;0;3;3;0;1;Medium;4;12
178;1;No Aplica;49;1;48;H;0;1;1;1;1;Medium;5;15
179;1;No Aplica;16;1;24;M;0;+++;4;1;1;Medium;4;12
180;1;No Aplica;38;1;24;H;1;3;2;0;1;Medium;7;21
181;1;No Aplica;46;1;46;H;1;3;1;1;1;Medium;7;21
182;1;No Aplica;3;1;54;H;0;3;3;1;1;Medium;7;21
183;1;No Aplica;23;1;29;M;0;3;2;1;1;Medium;4;12
184;1;No Aplica;38;1;56;H;1;2;1;1;1;Medium;5;15
185;1;No Aplica;20;1;26;M;1;3;1;0;1;Medium;7;21
186;1;No Aplica;37;1;56;M;0;2;2;1;1;Medium;7;21
187;1;No Aplica;47;1;36;M;0;2;4;1;1;Medium;5;15
188;1;No Aplica;26;1;23;H;0;1;4;1;1;Medium;6;18
189;1;No Aplica;1;1;43;M;0;2;3;1;1;Medium;6;18
190;1;No Aplica;7;1;30;M;0;3;4;0;1;Medium;4;12
191;1;No Aplica;12;1;28;M;0;1;3;1;1;Medium;6;18
192;1;No Aplica;30;1;64;M;0;3;4;0;1;Medium;6;18
193;1;No Aplica;15;1;42;H;0;1;4;0;1;Medium;7;21
194;1;No Aplica;5;1;64;H;1;2;3;1;1;Medium;6;18
195;1;No Aplica;42;1;66;M;0;3;2;1;1;Medium;4;12
196;1;No Aplica;33;1;27;M;0;2;2;0;1;Medium;7;21
197;1;No Aplica;49;1;61;M;0;1;2;0;1;Medium;6;18
198;1;No Aplica;42;1;25;H;1;3;1;1;1;Medium;6;18
199;1;No Aplica;36;1;66;M;0;3;1;1;1;Medium;6;18
200;1;No Aplica;25;1;28;H;0;2;2;1;1;Medium;6;18
201;1;No Aplica;24;1;35;H;0;3;1;1;1;Medium;6;18
202;1;No Aplica;47;1;50;M;0;3;1;1;1;Medium;5;15
203;1;No Aplica;22;1;27;H;0;1;1;0;1;Medium;5;15
204;1;No Aplica;16;1;57;H;0;3;2;1;1;Medium;6;18
205;1;No Aplica;4;1;50;M;0;2;3;1;1;Medium;4;12
206;1;No Aplica;8;1;61;H;0;2;3;1;1;Medium;4;12
207;1;No Aplica;9;1;29;M;0;3;3;0;1;Medium;6;18
208;1;No Aplica;14;1;60;H;0;3;1;0;1;Medium;6;18
209;1;No Aplica;5;1;48;H;0;2;1;1;1;Medium;7;21
210;1;No Aplica;40;1;60;M;1;3;1;1;1;Medium;6;18
211;1;No Aplica;7;1;54;H;0;1;4;1;1;Medium;7;21
212;1;No Aplica;43;1;60;H;0;1;3;1;1;Medium;5;15
213;1;No Aplica;32;1;68;M;1;3;3;0;1;Medium;5;15
214;1;No Aplica;19;1;29;M;0;1;4;0;1;Medium;6;18
215;1;No Aplica;18;1;50;H;0;3;2;1;1;Medium;5;15
216;1;No Aplica;5;1;33;H;0;3;1;1;1;Medium;7;21
217;1;No Aplica;6;1;57;H;1;3;4;1;1;Medium;4;12
218;1;No Aplica;48;1;66;M;0;3;1;0;1;Medium;5;15
219;1;No Aplica;7;1;58;M;1;1;1;0;1;Medium;5;15
220;1;No Aplica;5;1;64;M;0;3;2;0;1;Medium;6;18
221;1;No Aplica;30;1;56;M;0;3;2;1;1;Medium;6;18
222;1;No Aplica;11;1;52;M;0;3;3;1;1;Medium;6;18
223;1;No Aplica;43;1;48;M;1;2;4;0;1;Medium;5;15
224;1;No Aplica;38;1;51;M;0;2;2;1;1;Medium;7;21
225;1;No Aplica;10;1;38;M;1;3;2;0;1;Medium;7;21
226;1;No Aplica;13;1;66;M;0;3;3;0;1;Medium;5;15
227;1;No Aplica;47;1;39;M;0;2;2;1;1;Medium;4;12
228;1;No Aplica;4;1;28;M;0;3;1;0;1;Medium;7;21
229;1;No Aplica;4;1;50;M;0;1;4;1;1;Medium;7;21
230;1;No Aplica;27;1;44;M;0;1;1;0;1;Medium;7;21
231;1;No Aplica;27;1;54;H;0;3;1;1;1;Medium;6;18
232;1;No Aplica;31;1;30;M;0;3;4;0;1;Medium;6;18
233;1;No Aplica;32;1;59;M;0;1;1;0;1;Medium;7;21
234;1;No Aplica;36;1;32;H;0;2;3;0;1;Medium;5;15
235;1;No Aplica;14;1;65;H;0;1;1;1;1;Medium;7;21
236;1;No Aplica;31;1;42;M;0;3;2;0;1;Medium;4;12
237;1;No Aplica;37;1;66;M;0;2;4;0;1;Medium;6;18
238;1;No Aplica;15;1;50;M;0;3;1;0;1;Medium;5;15
239;1;No Aplica;19;1;44;M;0;1;2;1;1;Medium;5;15
240;1;No Aplica;36;1;28;M;0;3;1;0;1;Medium;6;18
241;1;No Aplica;24;1;36;H;1;3;2;0;1;Medium;7;21
242;1;No Aplica;22;1;36;M;0;1;1;1;1;Medium;6;18
243;1;No Aplica;42;1;43;H;0;1;4;1;1;Medium;5;15
244;1;No Aplica;9;1;23;M;1;1;2;0;1;Medium;4;12
245;1;No Aplica;27;1;60;M;0;3;2;1;1;Medium;5;15
246;1;No Aplica;8;1;67;M;1;1;1;0;1;Medium;4;12
247;2;Independiente;47;2;41;H;0;1;1;0;1;Medium;6;16.2
248;2;Independiente;38;2;24;H;0;2;3;0;1;Medium;7;18.9
249;2;Independiente;37;2;33;H;1;2;2;0;1;Medium;5;13.5
250;2;Independiente;12;2;57;M;0;2;4;1;1;Medium;6;16.2
251;2;Independiente;46;2;47;H;0;3;4;1;1;Medium;5;13.5
252;2;Independiente;1;2;35;M;0;3;4;0;1;Medium;5;13.5
253;2;Independiente;31;2;49;H;0;1;3;1;1;Medium;5;13.5
254;2;Independiente;8;2;52;H;0;3;3;1;1;Medium;4;10.8
255;2;Independiente;42;2;54;H;0;1;1;0;1;Medium;6;16.2
256;2;Independiente;11;2;44;M;0;1;2;0;1;Medium;7;18.9
257;2;Independiente;6;2;25;H;0;3;2;0;1;Medium;7;18.9
258;2;Independiente;38;2;68;M;0;3;2;0;1;Medium;7;18.9
259;2;Independiente;8;2;25;M;0;2;2;0;1;Medium;4;10.8
260;2;Independiente;46;2;58;M;0;1;2;0;1;Medium;6;16.2
261;2;Independiente;38;2;56;M;1;2;3;1;1;Medium;7;18.9
262;2;Independiente;42;2;48;H;0;2;4;0;1;Medium;6;16.2
263;2;Independiente;13;2;29;M;0;2;4;0;1;Medium;4;10.8
264;2;Independiente;22;2;26;H;0;3;2;1;1;Medium;6;16.2
265;2;Independiente;44;2;24;H;0;3;3;1;1;Medium;5;13.5
266;2;Independiente;25;2;30;M;1;1;4;0;1;Medium;7;18.9
267;2;Independiente;44;2;35;H;1;2;1;1;1;Medium;5;13.5
268;2;Independiente;28;2;55;H;1;2;3;0;1;Medium;4;10.8
269;2;Independiente;34;2;62;H;0;2;1;1;1;Medium;6;16.2
270;2;Independiente;34;2;67;M;0;1;1;0;1;Medium;6;16.2
271;2;Independiente;34;2;27;M;0;1;2;0;1;Medium;4;10.8
272;2;Independiente;37;2;34;H;0;3;2;1;1;Medium;7;18.9
273;2;Independiente;2;2;39;M;0;1;4;0;1;Medium;7;18.9
274;2;Independiente;29;2;51;H;0;3;2;0;1;Medium;6;16.2
275;2;Independiente;25;2;54;M;0;2;2;0;1;Medium;4;10.8
276;2;Independiente;24;2;45;M;0;1;1;1;1;Medium;4;10.8
277;2;Independiente;41;2;30;M;0;3;2;0;1;Medium;4;10.8
278;2;Independiente;21;2;27;M;0;3;1;1;1;Medium;4;10.8
279;2;Independiente;33;2;69;M;0;2;1;1;1;Medium;4;10.8
280;2;Independiente;41;2;32;H;0;1;1;0;1;Medium;5;13.5
281;2;Independiente;12;2;32;M;0;3;3;0;1;Medium;5;13.5
282;2;Independiente;18;2;49;M;1;1;2;1;1;Medium;4;10.8
283;2;Independiente;6;2;50;M;0;1;1;0;1;Medium;5;13.5
284;2;Independiente;19;2;30;M;0;2;3;1;1;Medium;7;18.9
285;2;Independiente;36;2;60;M;0;3;1;0;1;Medium;6;16.2
286;2;Independiente;3;2;31;M;0;3;4;1;1;Medium;5;13.5
287;2;Independiente;41;2;37;H;0;3;3;1;1;Medium;6;16.2
288;2;Independiente;43;2;28;H;0;3;3;0;1;Medium;6;16.2
289;2;Independiente;30;2;61;M;0;3;4;1;1;Medium;4;10.8
290;2;Independiente;11;2;39;H;0;1;1;0;1;Medium;5;13.5
291;2;Independiente;39;2;25;H;0;1;3;1;1;Medium;7;18.9
292;2;Independiente;49;2;48;H;0;2;3;0;1;Medium;7;18.9
293;2;Independiente;48;2;39;H;0;1;2;1;1;Medium;7;18.9
294;2;Independiente;16;2;29;M;0;3;3;1;1;Medium;7;18.9
295;2;Independiente;32;2;46;M;0;3;3;0;1;Medium;7;18.9
296;2;Independiente;16;2;67;M;0;1;3;0;1;Medium;5;13.5
297;2;Independiente;46;2;49;H;1;1;3;1;1;Medium;7;18.9
298;2;Independiente;6;2;31;H;1;1;4;0;1;Medium;7;18.9
299;2;Independiente;5;2;46;M;0;3;2;0;1;Medium;6;16.2
300;2;Independiente;35;2;61;M;0;3;2;0;1;Medium;6;16.2
301;2;Independiente;11;2;57;H;0;2;3;0;1;Medium;5;13.5
302;2;Independiente;4;2;37;H;1;2;2;0;1;Medium;7;18.9
303;2;Independiente;35;2;24;M;0;3;4;0;1;Medium;6;16.2
304;2;Independiente;2;2;28;M;0;2;4;1;1;Medium;5;13.5
305;2;Independiente;18;2;67;H;0;1;3;0;1;Medium;7;18.9
306;2;Independiente;37;2;33;H;0;2;3;1;1;Medium;4;10.8
307;2;Independiente;28;2;66;M;1;2;4;1;1;Medium;6;16.2
308;2;Independiente;3;2;33;H;0;1;1;0;1;Medium;5;13.5
309;2;Independiente;4;2;37;H;0;3;3;0;1;Medium;4;10.8
310;2;Independiente;32;2;43;H;0;3;2;1;1;Medium;4;10.8
311;2;Independiente;28;2;48;M;0;3;1;0;1;Medium;6;16.2
312;2;Independiente;31;2;63;H;1;3;2;1;1;Medium;7;18.9
313;2;Independiente;39;2;62;M;0;3;3;0;1;Medium;5;13.5
314;2;Independiente;16;2;29;H;0;1;1;0;1;Medium;4;10.8
315;2;Independiente;34;2;54;H;1;3;2;0;1;Medium;7;18.9
316;2;Independiente;10;2;52;H;0;2;4;1;1;Medium;4;10.8
317;2;Independiente;23;2;25;H;0;2;1;1;1;Medium;5;13.5
318;2;Independiente;22;2;27;M;1;1;2;0;1;Medium;7;18.9
319;2;Independiente;9;2;26;H;0;1;3;1;1;Medium;5;13.5
320;2;Independiente;39;2;42;H;0;3;2;1;1;Medium;5;13.5
321;2;Independiente;48;2;22;H;0;2;4;0;1;Medium;4;10.8
322;2;Independiente;18;2;67;M;0;3;4;1;1;Medium;5;13.5
323;2;Independiente;2;2;63;H;0;1;2;1;1;Medium;4;10.8
324;2;Independiente;22;2;23;H;0;3;1;0;1;Medium;4;10.8
325;2;Independiente;4;2;47;H;0;3;3;1;1;Medium;5;13.5
326;2;Independiente;8;2;27;M;0;1;1;1;1;Medium;4;10.8
327;2;Independiente;33;2;32;H;0;2;3;1;1;Medium;5;13.5
328;2;Independiente;3;2;48;M;0;3;4;0;1;Medium;6;16.2
329;2;Independiente;16;2;46;H;0;1;3;0;1;Medium;7;18.9
330;2;Independiente;9;2;42;H;1;2;2;1;1;Medium;4;10.8
331;2;Independiente;48;2;34;H;0;1;3;0;1;Medium;7;18.9
332;2;Independiente;23;2;44;M;0;2;1;0;1;Medium;5;13.5
333;2;Independiente;43;2;66;M;0;2;3;1;1;Medium;6;16.2
334;2;Independiente;13;2;68;M;0;2;1;1;1;Medium;5;13.5
335;2;Independiente;1;2;24;H;0;2;4;0;1;Medium;4;10.8
336;2;Independiente;23;2;66;M;1;1;1;1;1;Medium;6;16.2
337;2;Independiente;17;2;51;M;0;3;2;0;1;Medium;6;16.2
338;2;Independiente;28;2;50;H;0;1;3;0;1;Medium;6;16.2
339;2;Independiente;9;2;22;M;0;1;3;1;1;Medium;4;10.8
340;2;Independiente;17;2;34;M;0;3;2;1;1;Medium;7;18.9
341;2;Independiente;40;2;63;H;0;2;4;0;1;Medium;7;18.9
342;2;Independiente;47;2;27;H;0;2;3;0;1;Medium;4;10.8
343;2;Independiente;36;2;33;M;0;2;4;1;1;Medium;7;18.9
344;2;Independiente;43;2;24;M;0;2;4;1;1;Medium;7;18.9
345;2;Independiente;10;2;60;H;0;2;2;0;1;Medium;6;16.2
346;2;Independiente;13;2;38;M;0;1;1;1;1;Medium;5;13.5
347;2;Independiente;20;2;31;H;0;1;2;1;1;Medium;6;16.2
348;2;Independiente;47;2;57;M;0;3;2;1;1;Medium;6;16.2
349;2;Independiente;9;2;23;H;1;2;4;1;1;Medium;4;10.8
350;2;Independiente;18;2;33;M;1;2;1;0;1;Medium;7;18.9
351;2;Independiente;31;2;37;H;0;1;1;1;1;Medium;7;18.9
352;2;Independiente;4;2;39;M;1;1;3;1;1;Medium;5;13.5
353;2;Independiente;39;2;46;M;1;1;1;1;1;Medium;6;16.2
354;2;Independiente;45;2;34;M;0;3;3;1;1;Medium;7;18.9
355;2;Independiente;37;2;54;H;1;1;3;0;1;Medium;7;18.9
356;2;Independiente;10;2;31;H;1;1;2;0;1;Medium;6;16.2
357;2;Independiente;8;2;40;M;0;3;3;0;1;Medium;5;13.5
358;2;Independiente;3;2;26;M;1;2;3;1;1;Medium;4;10.8
359;2;Independiente;18;2;42;H;0;2;2;1;1;Medium;7;18.9
360;2;Independiente;33;2;37;M;0;1;2;0;1;Medium;4;10.8
361;2;Independiente;9;2;31;M;0;3;4;1;1;Medium;4;10.8
362;2;Independiente;38;2;63;M;0;2;1;0;1;Medium;6;16.2
363;2;Independiente;3;2;39;M;0;3;3;1;1;Medium;4;10.8
364;2;Independiente;5;2;28;M;0;3;3;0;1;Medium;6;16.2
365;2;Independiente;40;2;23;M;0;2;1;1;1;Medium;7;18.9
366;2;Independiente;43;2;62;H;0;3;2;0;1;Medium;5;13.5
367;2;Independiente;12;2;31;M;0;1;3;1;1;Medium;7;18.9
368;2;Independiente;32;2;41;M;0;2;1;1;1;Medium;7;18.9
369;2;Independiente;21;2;39;M;0;3;2;1;1;Medium;5;13.5
370;2;Independiente;23;2;44;M;0;3;4;1;1;Medium;6;16.2
371;2;Independiente;17;2;61;H;0;2;2;1;1;Medium;7;18.9
372;2;Independiente;44;2;69;H;0;2;3;1;1;Medium;6;16.2
373;2;Independiente;15;2;27;M;0;1;2;0;1;Medium;6;16.2
374;2;Independiente;33;2;26;M;1;2;1;0;1;Medium;4;10.8
375;2;Independiente;36;2;47;H;0;1;2;1;1;Medium;7;18.9
376;2;Independiente;2;2;36;H;0;1;4;1;1;Medium;7;18.9
377;2;Independiente;11;2;66;H;0;3;4;1;1;Medium;7;18.9
378;2;Independiente;2;2;50;H;0;2;1;0;1;Medium;4;10.8
379;2;Independiente;16;2;22;H;0;3;1;0;1;Medium;5;13.5
380;2;Independiente;20;2;41;H;0;3;3;0;1;Medium;7;18.9
381;2;Independiente;4;2;43;M;0;3;3;0;1;Medium;7;18.9
382;2;Independiente;33;2;26;H;0;3;3;0;1;Medium;7;18.9
383;2;Independiente;8;2;27;H;0;3;3;1;1;Medium;5;13.5
384;2;Independiente;48;2;30;M;0;1;3;1;1;Medium;7;18.9
385;2;Independiente;34;2;40;H;0;3;4;1;1;Medium;4;10.8
386;2;Independiente;44;2;43;M;0;1;2;0;1;Medium;4;10.8
387;2;Independiente;15;2;24;M;0;3;2;1;1;Medium;4;10.8
388;2;Independiente;23;2;53;M;0;2;2;1;1;Medium;7;18.9
389;2;Independiente;21;2;31;M;1;3;4;1;1;Medium;6;16.2
390;2;Independiente;19;2;47;H;0;3;3;1;1;Medium;6;16.2
391;2;Independiente;48;2;25;H;1;3;1;1;1;Medium;4;10.8
392;2;Independiente;10;2;33;H;0;1;1;0;1;Medium;6;16.2
393;2;Independiente;16;2;63;M;0;1;3;1;1;Medium;7;18.9
394;2;Independiente;32;2;62;H;0;3;4;1;1;Medium;7;18.9
395;2;Independiente;23;2;44;M;0;2;3;0;1;Heavy;7;18.9
396;2;Independiente;12;2;54;M;0;2;4;0;1;Heavy;9;24.3
397;2;Independiente;32;2;61;H;0;1;1;0;1;Heavy;12;32.4
398;2;Independiente;7;2;50;H;0;1;2;1;1;Heavy;7;18.9
399;2;Independiente;32;2;53;H;0;1;4;1;1;Heavy;11;29.7
400;2;Independiente;31;2;33;H;1;1;2;1;1;Heavy;12;32.4
401;2;Independiente;47;2;32;M;0;3;2;1;1;Heavy;11;29.7
402;2;Independiente;20;2;65;H;0;1;2;0;1;Heavy;12;32.4
403;2;Independiente;34;2;35;M;0;1;1;0;1;Heavy;12;32.4
404;2;Independiente;24;2;69;M;1;3;2;0;1;Heavy;11;29.7
405;2;Independiente;31;2;55;M;0;1;1;1;1;Heavy;7;18.9
406;2;Independiente;1;2;24;H;0;3;2;1;1;Heavy;9;24.3
407;2;Independiente;16;2;48;H;0;1;2;0;1;Heavy;9;24.3
408;2;Independiente;42;2;47;H;1;1;1;1;1;Heavy;7;18.9
409;2;Independiente;17;2;29;H;1;2;2;0;1;Heavy;10;27
410;2;Independiente;41;2;37;H;0;3;2;1;1;Heavy;10;27
411;2;Independiente;39;2;35;H;0;1;3;1;1;Heavy;12;32.4
412;2;Independiente;21;2;49;M;0;2;1;0;1;Heavy;9;24.3
413;2;Independiente;33;2;26;H;0;3;4;1;1;Heavy;8;21.6
414;2;Independiente;29;2;28;M;0;3;2;1;1;Heavy;9;24.3
415;2;Independiente;45;2;69;H;1;1;1;1;1;Heavy;12;32.4
416;2;Independiente;19;2;53;M;0;1;3;0;1;Heavy;7;18.9
417;2;Independiente;20;2;27;M;1;3;3;0;1;Heavy;8;21.6
418;2;Independiente;3;2;55;H;0;2;4;0;1;Heavy;10;27
419;2;Independiente;49;2;66;H;0;1;3;1;1;Heavy;8;21.6
420;2;Independiente;26;2;62;H;0;1;4;0;1;Heavy;9;24.3
421;2;Independiente;46;2;49;H;0;2;3;0;1;Heavy;8;21.6
422;2;Independiente;25;2;23;H;0;2;4;0;1;Heavy;10;27
423;2;Independiente;20;2;30;M;0;2;1;0;1;Heavy;10;27
424;2;Independiente;1;2;65;H;0;1;1;1;1;Heavy;11;29.7
425;2;Independiente;31;2;41;M;0;1;2;1;1;Heavy;9;24.3
426;2;Independiente;20;2;53;H;0;3;4;0;1;Heavy;9;24.3
427;2;Independiente;28;2;25;M;0;1;3;1;1;Heavy;10;27
428;2;Independiente;19;2;36;M;0;1;1;0;1;Heavy;11;29.7
429;2;Independiente;20;2;64;H;1;2;3;1;1;Heavy;8;21.6
430;2;Independiente;10;2;37;M;0;1;1;0;1;Heavy;11;29.7
431;2;Independiente;34;2;64;H;0;1;3;0;1;Heavy;12;32.4
432;3;Empresa A;48;2;49;H;0;3;4;0;1;Heavy;7;18.9
433;3;Empresa A;43;2;51;M;1;3;1;1;1;Heavy;8;21.6
434;3;Empresa A;5;2;31;M;0;3;1;0;1;Heavy;7;18.9
435;3;Empresa A;10;2;28;M;0;1;2;1;1;Heavy;11;29.7
436;3;Empresa A;31;2;54;M;0;1;2;1;1;Heavy;11;29.7
437;3;Empresa A;46;2;69;H;1;2;2;0;1;Heavy;7;18.9
438;3;Empresa A;11;2;42;M;0;1;4;1;1;Heavy;7;18.9
439;3;Empresa A;31;2;25;M;0;1;4;0;1;Heavy;7;18.9
440;3;Empresa A;10;2;55;M;0;2;4;0;1;Heavy;7;18.9
441;3;Empresa A;35;2;23;M;0;3;4;0;1;Heavy;11;29.7
442;3;Empresa A;1;2;57;H;0;1;4;0;1;Heavy;9;24.3
443;3;Empresa A;31;2;47;H;0;1;2;0;1;Heavy;7;18.9
444;3;Empresa A;17;2;62;M;0;1;4;0;1;Heavy;7;18.9
445;3;Empresa A;17;2;69;M;1;1;3;0;1;Heavy;10;27
446;3;Empresa A;28;2;67;H;0;3;1;1;1;Heavy;9;24.3
447;3;Empresa A;36;2;50;M;0;2;3;0;1;Heavy;10;27
448;3;Empresa A;17;2;33;H;0;3;2;1;1;Heavy;10;27
449;3;Empresa A;2;2;37;M;0;1;3;1;1;Heavy;8;21.6
450;3;Empresa A;32;2;62;H;0;1;2;1;1;Heavy;9;24.3
451;3;Empresa A;17;2;33;H;1;3;1;0;1;Heavy;8;21.6
452;3;Empresa A;37;2;41;M;0;1;3;1;1;Heavy;8;21.6
453;3;Empresa A;19;2;39;M;0;2;3;0;1;Heavy;8;21.6
454;3;Empresa A;24;2;31;M;1;3;3;0;1;Heavy;8;21.6
455;3;Empresa A;36;2;59;H;0;1;4;0;1;Heavy;12;32.4
456;3;Empresa A;15;2;37;H;0;2;1;0;1;Heavy;11;29.7
457;3;Empresa A;30;2;47;M;0;2;2;1;1;Heavy;9;24.3
458;3;Empresa A;1;2;58;H;0;1;2;0;1;Heavy;9;24.3
459;3;Empresa A;35;2;38;M;0;1;1;0;1;Heavy;9;24.3
460;3;Empresa A;41;2;65;M;0;3;3;1;1;Heavy;11;29.7
461;3;Empresa A;39;2;60;M;0;2;4;1;1;Heavy;9;24.3
462;3;Empresa A;29;2;49;M;0;3;2;1;1;Heavy;8;21.6
463;3;Empresa A;6;2;23;H;0;1;2;0;1;Heavy;10;27
464;3;Empresa A;1;2;36;H;0;3;2;0;1;Heavy;10;27
465;3;Empresa A;28;2;24;M;0;2;3;0;1;Heavy;8;21.6
466;3;Empresa A;16;2;23;M;1;2;2;1;1;Heavy;11;29.7
467;3;Empresa A;21;2;66;M;0;2;1;0;1;Heavy;7;18.9
468;3;Empresa A;9;2;61;H;0;3;1;1;1;Heavy;7;18.9
469;3;Empresa A;7;2;66;H;0;3;2;0;1;Heavy;12;32.4
470;3;Empresa A;31;2;45;H;1;1;4;1;1;Heavy;11;29.7
471;3;Empresa A;11;2;42;H;0;2;4;1;1;Heavy;7;18.9
472;3;Empresa A;8;2;50;H;0;3;3;0;1;Heavy;8;21.6
473;3;Empresa A;18;2;50;M;0;1;1;1;1;Heavy;7;18.9
474;3;Empresa A;20;2;69;M;0;3;3;0;1;Heavy;9;24.3
475;3;Empresa A;23;2;35;H;0;1;2;0;1;Heavy;7;18.9
476;3;Empresa A;22;2;56;H;0;1;4;1;1;Heavy;11;29.7
477;3;Empresa A;10;2;34;H;0;3;2;1;1;Heavy;9;24.3
478;3;Empresa A;13;2;25;H;1;1;1;1;1;Heavy;7;18.9
479;3;Empresa A;25;2;57;H;0;3;1;1;1;Heavy;12;32.4
480;3;Empresa A;4;2;69;M;1;3;1;0;1;Heavy;12;32.4
481;3;Empresa A;28;2;44;M;0;1;2;1;1;Heavy;7;18.9
482;3;Empresa A;16;2;28;H;0;1;1;0;1;Heavy;11;29.7
483;3;Empresa A;47;2;26;H;1;3;2;1;1;Heavy;8;21.6
484;3;Empresa A;49;2;44;H;0;1;4;0;1;Heavy;7;18.9
485;3;Empresa A;23;2;57;H;0;1;1;1;1;Heavy;7;18.9
486;3;Empresa A;46;2;33;H;0;1;1;1;1;Heavy;10;27
487;3;Empresa A;9;2;67;M;1;3;1;0;1;Heavy;10;27
488;3;Empresa A;33;2;28;M;0;2;4;1;1;Heavy;10;27
489;3;Empresa A;10;2;64;M;0;2;3;0;1;Heavy;9;24.3
490;3;Empresa A;33;2;64;H;0;1;1;0;1;Heavy;12;32.4
491;3;Empresa A;14;2;53;M;0;3;2;0;1;Heavy;8;21.6
492;3;Empresa A;38;2;64;M;0;1;2;1;1;Heavy;10;27
493;3;Empresa A;33;2;33;M;1;3;3;1;1;Heavy;7;18.9
494;3;Empresa A;36;2;26;H;0;3;4;1;1;Heavy;11;29.7
495;3;Empresa A;2;2;68;H;1;1;1;0;1;Heavy;7;18.9
496;3;Empresa A;18;2;34;H;0;2;3;1;1;Super Heavy;22;59.4
497;3;Empresa A;3;2;23;H;0;2;2;1;1;Super Heavy;21;56.7
498;3;Empresa B;22;2;27;M;0;1;4;0;1;Super Heavy;22;59.4
499;3;Empresa B;37;2;42;H;0;2;3;1;1;Super Heavy;21;56.7
500;3;Empresa B;17;2;24;M;0;1;1;0;1;Super Heavy;21;56.7
501;1;No Aplica;42;1;30;H;0;3;3;1;2;Low;1;3
502;1;No Aplica;30;1;25;H;0;3;3;1;2;Low;3;9
503;1;No Aplica;8;1;28;M;1;2;2;1;2;Low;0;0
504;1;No Aplica;18;1;24;M;1;1;3;0;2;Low;3;9
505;1;No Aplica;40;1;35;M;1;1;2;1;2;Low;0;0
506;1;No Aplica;28;1;57;M;0;2;1;0;2;Low;1;3
507;1;No Aplica;32;1;25;H;0;3;1;1;2;Low;0;0
508;1;No Aplica;25;1;45;M;0;3;4;0;2;Low;0;0
509;1;No Aplica;20;1;51;M;0;3;1;1;2;Low;2;6
510;1;No Aplica;11;1;53;H;0;3;3;1;2;Low;3;9
511;1;No Aplica;45;1;56;H;0;1;4;0;2;Low;3;9
512;1;No Aplica;34;1;40;M;0;3;1;0;2;Low;0;0
513;1;No Aplica;31;1;24;M;0;1;1;0;2;Low;1;3
514;1;No Aplica;15;1;67;M;0;3;4;0;2;Low;3;9
515;1;No Aplica;38;1;26;M;0;3;3;1;2;Low;1;3
516;1;No Aplica;29;1;57;H;1;1;1;1;2;Low;1;3
517;1;No Aplica;1;1;47;H;0;1;3;0;2;Low;0;0
518;1;No Aplica;8;1;68;H;1;2;1;1;2;Low;3;9
519;1;No Aplica;31;1;33;M;0;3;1;0;2;Low;2;6
520;1;No Aplica;10;1;43;M;1;3;1;1;2;Low;3;9
521;1;No Aplica;44;1;32;M;0;1;1;1;2;Low;1;3
522;1;No Aplica;43;1;67;H;0;2;3;1;2;Low;0;0
523;1;No Aplica;11;1;48;H;0;1;2;1;2;Low;0;0
524;1;No Aplica;6;1;69;H;0;3;1;1;2;Low;0;0
525;1;No Aplica;4;1;25;H;0;3;4;1;2;Low;2;6
526;1;No Aplica;42;1;59;M;0;3;3;1;2;Low;3;9
527;1;No Aplica;20;1;22;M;0;3;2;0;2;Low;2;6
528;1;No Aplica;11;1;43;H;0;3;3;1;2;Low;0;0
529;1;No Aplica;16;1;65;H;0;3;2;0;2;Low;3;9
530;1;No Aplica;48;1;67;M;1;3;3;1;2;Low;0;0
531;1;No Aplica;45;1;28;M;0;3;3;0;2;Low;0;0
532;1;No Aplica;20;1;38;H;1;2;1;1;2;Low;3;9
533;1;No Aplica;46;1;31;H;1;3;1;1;2;Low;0;0
534;1;No Aplica;46;1;46;M;0;3;3;0;2;Low;3;9
535;1;No Aplica;39;1;23;M;0;1;4;1;2;Low;0;0
536;1;No Aplica;8;1;55;H;0;3;2;0;2;Low;0;0
537;1;No Aplica;14;1;32;H;0;3;4;0;2;Low;1;3
538;1;No Aplica;7;1;68;M;0;3;1;0;2;Low;1;3
539;1;No Aplica;30;1;26;H;0;3;2;1;2;Low;1;3
540;1;No Aplica;35;1;28;H;0;3;2;1;2;Low;0;0
541;1;No Aplica;38;1;37;M;0;3;3;0;2;Low;3;9
542;1;No Aplica;9;1;52;H;0;3;2;1;2;Low;3;9
543;1;No Aplica;38;1;59;M;0;1;1;1;2;Low;3;9
544;1;No Aplica;20;1;65;M;0;1;2;1;2;Low;1;3
545;1;No Aplica;25;1;31;M;0;3;3;1;2;Low;0;0
546;1;No Aplica;26;1;24;H;0;2;4;0;2;Low;2;6
547;1;No Aplica;7;1;32;M;0;3;1;1;2;Low;0;0
548;1;No Aplica;9;1;38;M;0;2;2;1;2;Low;1;3
549;1;No Aplica;28;1;47;M;0;1;1;0;2;Low;3;9
550;1;No Aplica;33;1;65;M;0;3;1;1;2;Low;3;9
551;1;No Aplica;24;1;56;H;0;3;1;0;2;Low;2;6
552;1;No Aplica;33;1;36;H;0;1;2;0;2;Low;2;6
553;1;No Aplica;4;1;39;H;0;3;2;1;2;Low;2;6
554;1;No Aplica;12;1;55;M;0;1;2;0;2;Low;2;6
555;1;No Aplica;22;1;52;H;1;2;2;1;2;Low;1;3
556;1;No Aplica;46;1;65;H;0;2;1;0;2;Low;3;9
557;1;No Aplica;31;1;26;M;0;3;3;0;2;Low;0;0
558;1;No Aplica;5;1;33;H;0;2;4;1;2;Low;2;6
559;1;No Aplica;2;1;47;H;0;3;1;0;2;Low;2;6
560;1;No Aplica;36;1;22;H;0;2;1;0;2;Low;0;0
561;1;No Aplica;10;1;50;M;0;2;1;1;2;Low;0;0
562;1;No Aplica;39;1;32;M;0;1;2;0;2;Low;0;0
563;1;No Aplica;35;1;40;H;0;1;2;0;2;Low;3;9
564;1;No Aplica;14;1;65;H;0;2;4;0;2;Low;2;6
565;1;No Aplica;37;1;47;M;0;3;4;1;2;Low;1;3
566;1;No Aplica;18;1;53;M;0;2;3;1;2;Low;3;9
567;1;No Aplica;11;1;30;H;0;2;3;0;2;Low;3;9
568;1;No Aplica;9;1;50;H;0;1;4;0;2;Low;1;3
569;1;No Aplica;4;1;34;M;0;1;2;1;2;Low;3;9
570;1;No Aplica;18;1;27;H;0;3;4;0;2;Low;2;6
571;1;No Aplica;49;1;32;M;1;1;2;0;2;Low;1;3
572;1;No Aplica;2;1;49;M;1;3;4;1;2;Low;3;9
573;1;No Aplica;7;1;40;M;0;2;2;0;2;Low;0;0
574;1;No Aplica;48;1;37;M;0;3;4;1;2;Low;0;0
575;1;No Aplica;11;1;24;H;0;3;2;0;2;Low;1;3
576;1;No Aplica;49;1;38;M;0;2;2;1;2;Low;0;0
577;1;No Aplica;7;1;60;M;1;3;1;1;2;Low;1;3
578;1;No Aplica;9;1;34;H;0;3;3;1;2;Low;0;0
579;1;No Aplica;4;1;59;M;0;2;4;0;2;Low;3;9
601;1;No Aplica;5;1;62;M;0;1;3;0;2;Low;1;3
602;1;No Aplica;22;1;34;H;0;1;3;1;2;Low;2;6
603;1;No Aplica;37;1;64;M;1;3;1;0;2;Low;3;9
604;1;No Aplica;39;1;61;H;1;1;2;1;2;Low;0;0
605;1;No Aplica;18;1;31;H;0;3;3;1;2;Low;2;6
606;1;No Aplica;15;1;25;M;0;3;3;0;2;Low;1;3
607;1;No Aplica;36;1;57;M;0;2;1;1;2;Low;3;9
608;1;No Aplica;48;1;47;H;0;3;4;0;2;Low;0;0
609;1;No Aplica;22;1;33;H;0;3;1;1;2;Low;0;0
610;1;No Aplica;22;1;59;H;0;2;2;0;2;Low;2;6
611;1;No Aplica;49;1;25;H;0;3;4;1;2;Low;2;6
612;1;No Aplica;31;1;30;H;0;2;4;0;2;Low;2;6
613;1;No Aplica;39;1;51;M;1;2;2;1;2;Low;0;0
614;1;No Aplica;41;1;38;H;0;3;3;1;2;Low;0;0
615;1;No Aplica;7;1;32;M;0;2;2;0;2;Low;2;6
616;1;No Aplica;20;1;24;H;0;3;3;1;2;Low;1;3
617;1;No Aplica;41;1;45;H;0;1;2;1;2;Low;3;9
618;1;No Aplica;36;1;58;H;0;3;4;0;2;Low;3;9
619;1;No Aplica;26;1;46;M;0;1;2;1;2;Low;0;0
620;1;No Aplica;26;1;55;M;0;3;4;0;2;Low;3;9
621;1;No Aplica;41;1;55;H;0;3;3;1;2;Low;2;6
622;1;No Aplica;38;1;60;M;0;3;3;0;2;Low;1;3
623;1;No Aplica;20;1;44;M;1;3;1;0;2;Low;0;0
624;1;No Aplica;33;1;57;M;1;1;1;1;2;Low;2;6
625;1;No Aplica;40;1;43;H;0;1;1;1;2;Low;2;6
626;1;No Aplica;43;1;53;M;1;3;3;1;2;Low;1;3
627;1;No Aplica;41;1;28;M;0;3;1;1;2;Low;3;9
628;1;No Aplica;32;1;56;H;0;1;1;1;2;Low;1;3
629;1;No Aplica;38;1;37;H;0;3;1;1;2;Low;0;0
630;1;No Aplica;35;1;61;H;0;1;3;0;2;Low;2;6
631;1;No Aplica;18;1;31;H;0;3;3;0;2;Low;2;6
632;1;No Aplica;5;1;37;M;0;3;1;0;2;Low;3;9
633;1;No Aplica;9;1;51;H;1;3;1;1;2;Low;3;9
634;1;No Aplica;34;1;44;M;0;2;3;1;2;Low;3;9
635;1;No Aplica;36;1;61;H;0;1;3;0;2;Low;1;3
636;1;No Aplica;5;1;30;H;0;1;2;1;2;Low;1;3
637;1;No Aplica;32;1;59;H;0;1;2;0;2;Low;2;6
638;1;No Aplica;5;1;60;M;0;2;3;0;2;Low;2;6
639;1;No Aplica;31;1;44;M;0;3;4;1;2;Low;2;6
640;1;No Aplica;15;1;57;H;1;3;3;1;2;Low;2;6
641;1;No Aplica;28;1;32;M;0;1;2;1;2;Low;0;0
642;1;No Aplica;28;1;52;M;0;3;2;1;2;Low;2;6
643;1;No Aplica;48;1;51;M;0;3;3;0;2;Low;1;3
644;1;No Aplica;15;1;64;H;0;3;3;0;2;Low;1;3
645;1;No Aplica;15;1;48;H;0;3;3;1;2;Low;2;6
646;1;No Aplica;31;1;29;M;0;2;3;1;2;Low;0;0
647;1;No Aplica;41;1;60;H;0;3;2;1;2;Low;0;0
648;1;No Aplica;38;1;32;H;0;2;1;1;2;Low;0;0
649;1;No Aplica;12;1;50;H;1;3;2;0;2;Low;1;3
650;1;No Aplica;23;1;30;H;0;1;3;1;2;Medium;6;18
651;1;No Aplica;26;1;65;H;0;3;4;0;2;Medium;4;12
652;1;No Aplica;1;1;49;H;0;3;1;1;2;Medium;5;15
653;1;No Aplica;23;1;34;M;1;3;3;0;2;Medium;7;21
654;1;No Aplica;29;1;41;H;0;1;1;0;2;Medium;4;12
655;1;No Aplica;17;1;37;H;0;1;2;0;2;Medium;4;12
656;1;No Aplica;29;1;43;M;0;1;4;0;2;Medium;7;21
657;1;No Aplica;5;1;50;H;1;3;2;1;2;Medium;7;21
658;1;No Aplica;39;1;24;M;0;3;2;0;2;Medium;5;15
659;1;No Aplica;2;1;22;M;0;3;3;1;2;Medium;6;18
660;1;No Aplica;22;1;52;M;0;1;2;1;2;Medium;5;15
661;1;No Aplica;11;1;29;M;1;3;2;0;2;Medium;6;18
662;1;No Aplica;45;1;27;M;0;3;3;0;2;Medium;4;12
663;1;No Aplica;5;1;27;M;1;3;3;0;2;Medium;6;18
664;1;No Aplica;5;1;46;H;1;3;1;0;2;Medium;4;12
665;1;No Aplica;36;1;66;H;0;1;3;0;2;Medium;4;12
666;1;No Aplica;24;1;43;H;1;3;2;0;2;Medium;7;21
667;1;No Aplica;22;1;39;H;0;1;2;0;2;Medium;4;12
668;1;No Aplica;1;1;48;M;0;2;2;1;2;Medium;4;12
669;1;No Aplica;37;1;45;M;0;1;3;0;2;Medium;4;12
670;1;No Aplica;25;1;24;M;1;1;1;0;2;Medium;7;21
671;1;No Aplica;3;1;57;H;0;3;1;1;2;Medium;4;12
672;1;No Aplica;46;1;49;H;0;1;1;1;2;Medium;6;18
673;1;No Aplica;38;1;48;M;0;1;3;0;2;Medium;6;18
674;1;No Aplica;29;1;28;H;0;1;2;0;2;Medium;4;12
675;1;No Aplica;35;1;24;H;0;3;3;1;2;Medium;4;12
676;1;No Aplica;48;1;62;M;0;3;1;0;2;Medium;4;12
677;1;No Aplica;47;1;60;M;0;1;1;1;2;Medium;4;12
678;1;No Aplica;28;1;46;M;0;2;1;1;2;Medium;4;12
679;1;No Aplica;33;1;28;H;0;3;1;0;2;Medium;6;18
680;1;No Aplica;33;1;40;M;0;3;1;1;2;Medium;5;15
681;1;No Aplica;26;1;47;H;0;1;1;1;2;Medium;7;21
682;1;No Aplica;31;1;29;H;0;3;3;0;2;Medium;6;18
683;1;No Aplica;9;1;64;M;0;3;3;0;2;Medium;7;21
684;1;No Aplica;19;1;66;H;0;3;2;1;2;Medium;5;15
685;1;No Aplica;20;1;64;H;0;3;2;0;2;Medium;4;12
686;1;No Aplica;42;1;39;H;0;3;2;1;2;Medium;5;15
687;1;No Aplica;31;1;36;H;0;1;2;0;2;Medium;4;12
688;1;No Aplica;10;1;43;H;0;2;4;1;2;Medium;4;12
689;1;No Aplica;3;1;44;M;0;3;4;0;2;Medium;5;15
690;1;No Aplica;26;1;48;H;0;2;4;1;2;Medium;6;18
691;1;No Aplica;4;1;30;M;0;1;3;0;2;Medium;5;15
692;1;No Aplica;40;1;28;H;0;1;2;0;2;Medium;5;15
693;1;No Aplica;45;1;51;H;0;3;4;1;2;Medium;5;15
694;1;No Aplica;4;1;28;M;0;1;2;1;2;Medium;4;12
695;1;No Aplica;6;1;48;H;0;2;2;0;2;Medium;5;15
696;1;No Aplica;30;1;23;M;0;3;1;0;2;Medium;6;18
697;1;No Aplica;19;1;67;M;0;2;4;1;2;Medium;6;18
698;1;No Aplica;24;1;56;M;0;1;2;1;2;Medium;7;21
699;1;No Aplica;3;1;31;M;0;3;4;1;2;Medium;5;15
700;1;No Aplica;17;1;38;M;1;1;1;1;2;Medium;5;15
701;1;No Aplica;21;1;26;M;0;3;4;1;2;Medium;5;15
702;1;No Aplica;46;1;44;M;0;1;4;0;2;Medium;4;12
703;1;No Aplica;48;1;37;M;0;1;3;0;2;Medium;7;21
704;1;No Aplica;48;1;64;M;0;1;1;0;2;Medium;4;12
705;1;No Aplica;27;1;52;M;1;3;2;0;2;Medium;5;15
706;1;No Aplica;20;1;69;M;0;1;4;0;2;Medium;4;12
707;1;No Aplica;45;1;66;M;1;1;1;0;2;Medium;4;12
708;1;No Aplica;31;1;68;H;0;3;1;1;2;Medium;7;21
709;1;No Aplica;7;1;42;H;0;3;1;0;2;Medium;5;15
710;1;No Aplica;22;1;63;M;0;3;2;0;2;Medium;7;21
711;1;No Aplica;26;1;27;H;1;1;1;1;2;Medium;6;18
712;1;No Aplica;23;1;47;H;0;1;3;1;2;Medium;4;12
713;1;No Aplica;29;1;60;H;0;3;1;0;2;Medium;6;18
714;1;No Aplica;37;1;22;H;1;2;2;1;2;Medium;7;21
715;1;No Aplica;37;1;44;H;0;3;2;1;2;Medium;6;18
716;1;No Aplica;25;1;27;M;0;3;3;0;2;Medium;7;21
717;1;No Aplica;4;1;69;M;0;3;2;1;2;Medium;7;21
718;1;No Aplica;29;1;51;H;1;2;3;1;2;Medium;7;21
719;1;No Aplica;2;1;66;M;0;3;3;1;2;Medium;4;12
720;1;No Aplica;30;1;30;H;0;1;2;0;2;Medium;4;12
721;1;No Aplica;46;1;28;H;1;1;1;0;2;Medium;5;15
722;1;No Aplica;44;1;55;H;0;1;3;1;2;Medium;4;12
723;1;No Aplica;19;1;56;H;0;3;2;0;2;Medium;6;18
724;1;No Aplica;12;1;39;M;1;2;1;0;2;Medium;7;21
725;1;No Aplica;28;1;47;H;1;1;4;1;2;Medium;6;18
726;1;No Aplica;13;1;39;M;0;2;2;1;2;Medium;5;15
727;1;No Aplica;7;1;38;M;0;2;2;1;2;Medium;4;12
728;1;No Aplica;35;1;29;M;0;3;2;0;2;Medium;5;15
729;1;No Aplica;7;1;54;M;0;3;4;0;2;Medium;5;15
730;1;No Aplica;4;1;40;M;0;1;2;0;2;Medium;4;12
731;1;No Aplica;31;1;33;M;0;3;2;0;2;Medium;7;21
732;1;No Aplica;10;1;55;M;0;1;1;0;2;Medium;4;12
733;1;No Aplica;5;1;62;M;1;3;2;1;2;Medium;7;21
734;1;No Aplica;23;1;24;M;0;3;4;1;2;Medium;5;15
735;1;No Aplica;33;1;55;M;0;3;3;1;2;Medium;5;15
736;1;No Aplica;37;1;25;M;1;3;2;0;2;Medium;4;12
737;1;No Aplica;41;1;36;H;0;2;3;1;2;Medium;4;12
738;1;No Aplica;2;1;49;H;0;2;2;0;2;Medium;4;12
739;1;No Aplica;38;1;22;M;0;1;2;0;2;Medium;7;21
740;1;No Aplica;38;1;67;M;0;3;2;0;2;Medium;4;12
741;1;No Aplica;39;1;35;M;0;1;3;0;2;Medium;6;18
742;1;No Aplica;40;1;34;H;0;3;3;1;2;Medium;6;18
743;1;No Aplica;26;1;53;M;0;1;4;0;2;Medium;4;12
744;1;No Aplica;10;1;54;M;0;3;2;1;2;Medium;5;15
745;1;No Aplica;31;1;60;M;0;3;3;1;2;Medium;5;15
746;1;No Aplica;30;1;59;H;0;1;2;1;2;Medium;5;15
747;2;Independiente;21;2;43;M;0;3;3;1;2;Medium;5;13.5
748;2;Independiente;39;2;66;M;0;3;2;1;2;Medium;6;16.2
749;2;Independiente;19;2;49;H;0;1;4;1;2;Medium;6;16.2
750;2;Independiente;42;2;26;M;0;3;3;1;2;Medium;4;10.8
751;2;Independiente;37;2;37;H;0;2;3;0;2;Medium;7;18.9
752;2;Independiente;25;2;51;H;0;3;2;1;2;Medium;7;18.9
753;2;Independiente;29;2;31;H;0;3;1;0;2;Medium;4;10.8
754;2;Independiente;38;2;26;M;0;1;4;0;2;Medium;4;10.8
755;2;Independiente;30;2;42;M;0;2;2;0;2;Medium;4;10.8
756;2;Independiente;34;2;27;H;0;1;1;1;2;Medium;6;16.2
757;2;Independiente;19;2;30;H;0;2;3;0;2;Medium;7;18.9
758;2;Independiente;7;2;54;M;0;1;1;0;2;Medium;4;10.8
759;2;Independiente;44;2;31;H;0;3;1;1;2;Medium;5;13.5
760;2;Independiente;22;2;47;H;0;3;1;0;2;Medium;7;18.9
761;2;Independiente;32;2;30;M;0;3;1;1;2;Medium;7;18.9
762;2;Independiente;11;2;53;M;0;1;2;1;2;Medium;5;13.5
763;2;Independiente;27;2;39;H;1;3;2;1;2;Medium;5;13.5
764;2;Independiente;9;2;65;M;0;3;1;1;2;Medium;7;18.9
765;2;Independiente;38;2;58;M;0;3;3;0;2;Medium;7;18.9
766;2;Independiente;25;2;33;H;1;3;2;1;2;Medium;4;10.8
767;2;Independiente;15;2;55;M;0;3;3;1;2;Medium;7;18.9
768;2;Independiente;16;2;63;M;0;3;2;0;2;Medium;7;18.9
769;2;Independiente;37;2;69;H;0;1;3;1;2;Medium;7;18.9
770;2;Independiente;11;2;49;H;1;3;1;0;2;Medium;7;18.9
771;2;Independiente;38;2;55;M;1;1;2;1;2;Medium;4;10.8
772;2;Independiente;14;2;60;H;0;3;1;0;2;Medium;5;13.5
773;2;Independiente;30;2;44;H;1;3;1;1;2;Medium;7;18.9
774;2;Independiente;20;2;47;M;0;3;1;0;2;Medium;4;10.8
775;2;Independiente;44;2;52;M;0;3;3;1;2;Medium;6;16.2
776;2;Independiente;42;2;40;M;1;2;3;0;2;Medium;5;13.5
777;2;Independiente;2;2;29;H;1;3;2;1;2;Medium;6;16.2
778;2;Independiente;24;2;46;H;0;1;4;1;2;Medium;6;16.2
779;2;Independiente;25;2;52;H;0;1;4;1;2;Medium;5;13.5
780;2;Independiente;44;2;52;H;0;1;2;0;2;Medium;4;10.8
781;2;Independiente;13;2;69;H;0;3;3;1;2;Medium;5;13.5
782;2;Independiente;5;2;62;M;0;1;1;0;2;Medium;5;13.5
783;2;Independiente;32;2;60;M;0;1;3;1;2;Medium;7;18.9
784;2;Independiente;13;2;32;H;0;3;4;1;2;Medium;4;10.8
785;2;Independiente;40;2;62;H;0;2;3;1;2;Medium;6;16.2
786;2;Independiente;8;2;48;H;0;1;4;1;2;Medium;4;10.8
787;2;Independiente;4;2;24;H;0;2;4;0;2;Medium;5;13.5
788;2;Independiente;10;2;30;H;1;3;3;0;2;Medium;5;13.5
789;2;Independiente;46;2;39;M;0;2;2;1;2;Medium;7;18.9
790;2;Independiente;49;2;22;M;0;2;4;1;2;Medium;4;10.8
791;2;Independiente;33;2;37;H;0;1;4;0;2;Medium;4;10.8
792;2;Independiente;33;2;63;H;1;1;4;1;2;Medium;4;10.8
793;2;Independiente;30;2;28;H;0;1;3;1;2;Medium;6;16.2
794;2;Independiente;12;2;30;M;0;1;1;1;2;Medium;7;18.9
795;2;Independiente;14;2;53;H;0;1;1;1;2;Medium;5;13.5
796;2;Independiente;33;2;60;H;0;1;3;1;2;Medium;7;18.9
797;2;Independiente;13;2;60;M;1;2;1;0;2;Medium;7;18.9
798;2;Independiente;32;2;34;M;0;2;3;1;2;Medium;4;10.8
799;2;Independiente;41;2;39;H;0;2;2;1;2;Medium;6;16.2
800;2;Independiente;9;2;67;H;1;3;4;1;2;Medium;7;18.9
801;2;Independiente;19;2;64;H;0;1;4;0;2;Medium;6;16.2
802;2;Independiente;5;2;32;M;0;1;2;0;2;Medium;4;10.8
803;2;Independiente;37;2;26;M;1;3;2;0;2;Medium;4;10.8
804;2;Independiente;24;2;58;M;0;2;1;1;2;Medium;4;10.8
805;2;Independiente;30;2;61;H;0;1;2;1;2;Medium;7;18.9
806;2;Independiente;45;2;47;H;0;3;3;1;2;Medium;4;10.8
807;2;Independiente;12;2;22;H;0;1;3;0;2;Medium;6;16.2
808;2;Independiente;47;2;61;H;0;3;4;1;2;Medium;6;16.2
809;2;Independiente;29;2;61;M;0;2;3;0;2;Medium;5;13.5
810;2;Independiente;43;2;56;M;0;1;2;1;2;Medium;5;13.5
811;2;Independiente;33;2;32;M;0;3;3;0;2;Medium;5;13.5
812;2;Independiente;27;2;26;H;1;3;3;0;2;Medium;4;10.8
813;2;Independiente;24;2;47;H;0;3;1;1;2;Medium;6;16.2
814;2;Independiente;29;2;59;H;1;2;2;0;2;Medium;4;10.8
815;2;Independiente;41;2;42;M;0;2;4;1;2;Medium;7;18.9
816;2;Independiente;11;2;67;M;0;1;2;1;2;Medium;7;18.9
817;2;Independiente;36;2;25;M;1;3;2;0;2;Medium;4;10.8
818;2;Independiente;32;2;63;M;0;2;2;1;2;Medium;5;13.5
819;2;Independiente;23;2;53;M;0;1;3;0;2;Medium;7;18.9
820;2;Independiente;25;2;69;H;0;3;2;1;2;Medium;4;10.8
821;2;Independiente;16;2;49;H;0;3;3;1;2;Medium;7;18.9
822;2;Independiente;6;2;67;H;0;2;2;0;2;Medium;7;18.9
823;2;Independiente;11;2;50;H;0;1;4;0;2;Medium;6;16.2
824;2;Independiente;12;2;58;H;0;2;1;0;2;Medium;5;13.5
825;2;Independiente;33;2;38;M;0;1;4;0;2;Medium;5;13.5
826;2;Independiente;10;2;39;M;0;1;3;0;2;Medium;7;18.9
827;2;Independiente;21;2;31;M;0;3;1;1;2;Medium;7;18.9
828;2;Independiente;17;2;38;H;0;2;4;1;2;Medium;6;16.2
829;2;Independiente;30;2;40;M;1;3;2;1;2;Medium;5;13.5
830;2;Independiente;38;2;57;H;0;3;1;0;2;Medium;5;13.5
831;2;Independiente;10;2;57;M;0;2;1;1;2;Medium;4;10.8
832;2;Independiente;11;2;53;H;0;2;4;1;2;Medium;4;10.8
833;2;Independiente;41;2;59;H;0;1;4;0;2;Medium;6;16.2
834;2;Independiente;19;2;46;M;1;3;1;1;2;Medium;7;18.9
835;2;Independiente;10;2;51;H;0;2;1;0;2;Medium;4;10.8
836;2;Independiente;25;2;49;M;0;2;3;1;2;Medium;6;16.2
837;2;Independiente;40;2;30;H;0;3;1;1;2;Medium;6;16.2
838;2;Independiente;44;2;59;M;0;2;3;0;2;Medium;7;18.9
839;2;Independiente;46;2;69;H;0;1;1;1;2;Medium;4;10.8
840;2;Independiente;13;2;34;H;0;1;1;1;2;Medium;4;10.8
841;2;Independiente;40;2;62;H;0;2;3;0;2;Medium;5;13.5
842;2;Independiente;12;2;60;M;0;3;2;1;2;Medium;4;10.8
843;2;Independiente;32;2;66;M;0;2;4;1;2;Medium;5;13.5
844;2;Independiente;39;2;58;H;0;1;4;1;2;Medium;5;13.5
845;2;Independiente;36;2;34;H;1;1;1;0;2;Medium;7;18.9
846;2;Independiente;9;2;54;H;0;2;3;1;2;Medium;4;10.8
847;2;Independiente;20;2;52;H;0;2;3;0;2;Medium;5;13.5
848;2;Independiente;19;2;56;H;0;2;1;1;2;Medium;6;16.2
849;2;Independiente;27;2;39;M;0;1;3;1;2;Medium;6;16.2
850;2;Independiente;4;2;68;H;0;1;2;1;2;Medium;7;18.9
851;2;Independiente;34;2;56;M;0;3;2;0;2;Medium;7;18.9
852;2;Independiente;4;2;56;H;0;1;2;1;2;Medium;7;18.9
853;2;Independiente;24;2;64;H;0;1;4;1;2;Medium;7;18.9
854;2;Independiente;17;2;29;M;0;2;4;1;2;Medium;6;16.2
855;2;Independiente;36;2;24;H;1;2;3;1;2;Medium;7;18.9
856;2;Independiente;17;2;31;H;0;2;3;1;2;Medium;7;18.9
857;2;Independiente;23;2;38;H;0;3;2;1;2;Medium;7;18.9
858;2;Independiente;16;2;27;M;1;3;3;1;2;Medium;7;18.9
859;2;Independiente;41;2;68;M;1;3;1;1;2;Medium;7;18.9
860;2;Independiente;48;2;56;H;0;1;2;1;2;Medium;6;16.2
861;2;Independiente;35;2;66;H;0;1;2;0;2;Medium;4;10.8
862;2;Independiente;24;2;44;M;1;2;1;0;2;Medium;4;10.8
863;2;Independiente;32;2;66;M;0;2;1;0;2;Medium;5;13.5
864;2;Independiente;47;2;26;M;0;3;3;1;2;Medium;5;13.5
865;2;Independiente;29;2;30;M;1;3;4;1;2;Medium;4;10.8
866;2;Independiente;24;2;64;H;0;1;3;1;2;Medium;5;13.5
867;2;Independiente;37;2;41;M;0;3;1;1;2;Medium;7;18.9
868;2;Independiente;1;2;57;H;0;1;2;0;2;Medium;7;18.9
869;2;Independiente;11;2;67;M;0;3;2;0;2;Medium;6;16.2
870;2;Independiente;45;2;24;H;0;3;3;0;2;Medium;6;16.2
871;2;Independiente;41;2;49;M;0;1;1;1;2;Medium;4;10.8
872;2;Independiente;41;2;46;M;0;3;1;1;2;Medium;6;16.2
873;2;Independiente;34;2;36;M;0;3;1;1;2;Medium;4;10.8
874;2;Independiente;12;2;49;M;0;3;2;1;2;Medium;6;16.2
875;2;Independiente;5;2;44;M;0;3;2;0;2;Medium;6;16.2
876;2;Independiente;22;2;24;M;0;3;3;0;2;Medium;5;13.5
877;2;Independiente;47;2;37;H;0;1;1;1;2;Medium;4;10.8
878;2;Independiente;18;2;34;M;0;1;2;0;2;Medium;7;18.9
879;2;Independiente;20;2;56;M;0;3;2;0;2;Medium;4;10.8
880;2;Independiente;6;2;40;M;0;1;3;0;2;Medium;6;16.2
881;2;Independiente;23;2;67;M;0;3;3;1;2;Medium;4;10.8
882;2;Independiente;19;2;36;H;1;2;1;1;2;Medium;4;10.8
883;2;Independiente;5;2;68;M;0;1;4;1;2;Medium;5;13.5
884;2;Independiente;19;2;41;M;1;1;4;0;2;Medium;5;13.5
885;2;Independiente;43;2;51;M;0;3;2;0;2;Medium;6;16.2
886;2;Independiente;43;2;48;H;1;3;1;0;2;Medium;5;13.5
887;2;Independiente;13;2;56;H;0;1;2;0;2;Medium;5;13.5
888;2;Independiente;11;2;40;H;1;3;1;0;2;Medium;6;16.2
889;2;Independiente;37;2;49;H;1;2;2;0;2;Medium;4;10.8
890;2;Independiente;34;2;24;M;1;2;3;0;2;Medium;7;18.9
891;2;Independiente;8;2;48;H;0;3;1;0;2;Medium;5;13.5
892;2;Independiente;28;2;57;M;0;1;1;0;2;Medium;4;10.8
893;2;Independiente;19;2;24;M;0;2;1;0;2;Medium;7;18.9
894;2;Independiente;34;2;59;H;0;1;1;1;2;Medium;6;16.2
895;2;Independiente;18;2;34;H;0;2;3;1;2;Heavy;8;21.6
896;2;Independiente;44;2;37;M;0;1;3;0;2;Heavy;12;32.4
897;2;Independiente;8;2;51;H;0;3;3;1;2;Heavy;10;27
898;2;Independiente;10;2;63;H;0;3;1;1;2;Heavy;9;24.3
899;2;Independiente;3;2;24;H;0;2;3;0;2;Heavy;12;32.4
900;2;Independiente;43;2;27;H;0;2;1;1;2;Heavy;9;24.3
901;2;Independiente;9;2;65;M;0;1;3;0;2;Heavy;8;21.6
902;2;Independiente;2;2;24;M;0;1;4;0;2;Heavy;9;24.3
903;2;Independiente;15;2;51;M;0;3;2;1;2;Heavy;8;21.6
904;2;Independiente;14;2;60;M;0;3;3;0;2;Heavy;8;21.6
905;2;Independiente;24;2;50;M;0;3;2;1;2;Heavy;8;21.6
906;2;Independiente;44;2;64;H;0;1;2;1;2;Heavy;7;18.9
907;2;Independiente;29;2;43;M;0;3;2;0;2;Heavy;10;27
908;2;Independiente;34;2;42;H;0;1;2;1;2;Heavy;9;24.3
909;2;Independiente;40;2;44;M;0;2;3;1;2;Heavy;7;18.9
910;2;Independiente;23;2;50;M;0;3;1;1;2;Heavy;11;29.7
911;2;Independiente;8;2;45;M;0;2;2;1;2;Heavy;7;18.9
912;2;Independiente;15;2;55;M;1;3;3;0;2;Heavy;11;29.7
913;2;Independiente;47;2;59;H;0;3;1;0;2;Heavy;7;18.9
914;2;Independiente;43;2;24;H;0;3;1;1;2;Heavy;9;24.3
915;2;Independiente;43;2;65;M;0;3;3;0;2;Heavy;12;32.4
916;2;Independiente;16;2;60;M;0;1;3;0;2;Heavy;7;18.9
917;2;Independiente;14;2;41;H;0;1;1;1;2;Heavy;10;27
918;2;Independiente;16;2;67;H;1;2;2;1;2;Heavy;9;24.3
919;2;Independiente;10;2;30;H;0;1;4;0;2;Heavy;11;29.7
920;2;Independiente;48;2;49;H;1;3;1;0;2;Heavy;12;32.4
921;2;Independiente;6;2;65;H;1;2;1;0;2;Heavy;11;29.7
922;2;Independiente;13;2;51;H;0;2;4;1;2;Heavy;9;24.3
923;2;Independiente;28;2;48;H;0;2;3;1;2;Heavy;8;21.6
924;2;Independiente;25;2;28;H;0;1;1;0;2;Heavy;12;32.4
925;2;Independiente;20;2;52;H;0;3;2;0;2;Heavy;8;21.6
926;2;Independiente;27;2;46;M;0;3;1;1;2;Heavy;7;18.9
927;2;Independiente;22;2;45;M;0;3;1;1;2;Heavy;8;21.6
928;2;Independiente;19;2;42;H;0;3;2;1;2;Heavy;10;27
929;2;Independiente;42;2;48;M;0;2;2;0;2;Heavy;12;32.4
930;2;Independiente;20;2;23;M;0;2;3;1;2;Heavy;11;29.7
931;2;Independiente;38;2;66;H;0;1;3;0;2;Heavy;8;21.6
932;3;Empresa A;24;2;35;H;0;3;1;1;2;Heavy;9;24.3
933;3;Empresa A;36;2;65;M;1;1;3;0;2;Heavy;8;21.6
934;3;Empresa A;27;2;54;H;0;1;4;1;2;Heavy;7;18.9
935;3;Empresa A;13;2;29;H;0;3;2;1;2;Heavy;7;18.9
936;3;Empresa A;14;2;54;H;0;1;1;1;2;Heavy;9;24.3
937;3;Empresa A;48;2;50;M;0;1;1;1;2;Heavy;12;32.4
938;3;Empresa A;17;2;39;H;0;3;2;0;2;Heavy;12;32.4
939;3;Empresa A;6;2;63;M;0;1;3;1;2;Heavy;12;32.4
940;3;Empresa A;5;2;58;H;0;2;2;1;2;Heavy;12;32.4
941;3;Empresa A;29;2;44;H;1;1;4;0;2;Heavy;12;32.4
942;3;Empresa A;9;2;29;H;0;2;1;0;2;Heavy;9;24.3
943;3;Empresa A;38;2;29;M;0;1;3;1;2;Heavy;8;21.6
944;3;Empresa A;34;2;45;M;0;1;2;1;2;Heavy;10;27
945;3;Empresa A;10;2;28;M;0;2;3;1;2;Heavy;9;24.3
946;3;Empresa A;26;2;67;H;1;3;3;1;2;Heavy;9;24.3
947;3;Empresa A;35;2;34;H;0;3;3;1;2;Heavy;9;24.3
948;3;Empresa A;3;2;43;M;0;3;1;0;2;Heavy;9;24.3
949;3;Empresa A;1;2;23;M;0;1;1;1;2;Heavy;11;29.7
950;3;Empresa A;4;2;42;H;0;1;2;0;2;Heavy;7;18.9
951;3;Empresa A;9;2;57;M;0;1;3;0;2;Heavy;12;32.4
952;3;Empresa A;40;2;24;M;0;3;1;1;2;Heavy;11;29.7
953;3;Empresa A;31;2;47;M;0;3;4;1;2;Heavy;8;21.6
954;3;Empresa A;1;2;64;H;0;1;4;0;2;Heavy;7;18.9
955;3;Empresa A;37;2;28;M;0;3;3;1;2;Heavy;10;27
956;3;Empresa A;14;2;64;M;0;3;1;0;2;Heavy;12;32.4
957;3;Empresa A;2;2;37;M;0;1;1;1;2;Heavy;9;24.3
958;3;Empresa A;23;2;56;M;1;3;4;0;2;Heavy;9;24.3
959;3;Empresa A;44;2;25;H;0;2;3;0;2;Heavy;8;21.6
960;3;Empresa A;23;2;33;H;0;2;1;1;2;Heavy;12;32.4
961;3;Empresa A;44;2;53;M;0;3;1;0;2;Heavy;10;27
962;3;Empresa A;5;2;68;M;0;3;1;1;2;Heavy;11;29.7
963;3;Empresa A;42;2;31;H;0;3;3;0;2;Heavy;8;21.6
964;3;Empresa A;48;2;63;M;0;1;2;1;2;Heavy;8;21.6
965;3;Empresa A;25;2;67;M;1;3;3;1;2;Heavy;9;24.3
966;3;Empresa A;39;2;58;M;1;3;1;1;2;Heavy;7;18.9
967;3;Empresa A;40;2;52;H;0;2;4;1;2;Heavy;12;32.4
968;3;Empresa A;19;2;56;M;0;2;1;0;2;Heavy;12;32.4
969;3;Empresa A;40;2;49;H;0;3;3;0;2;Heavy;12;32.4
970;3;Empresa A;31;2;25;M;0;3;3;0;2;Heavy;10;27
971;3;Empresa A;29;2;29;M;1;3;3;0;2;Heavy;10;27
972;3;Empresa A;35;2;38;H;1;2;4;0;2;Heavy;7;18.9
973;3;Empresa A;9;2;35;H;0;1;1;1;2;Heavy;12;32.4
974;3;Empresa A;16;2;64;M;0;3;2;1;2;Heavy;10;27
975;3;Empresa A;41;2;52;H;0;2;3;1;2;Heavy;11;29.7
976;3;Empresa A;20;2;32;M;0;3;3;1;2;Heavy;11;29.7
977;3;Empresa A;41;2;46;M;0;3;1;1;2;Heavy;12;32.4
978;3;Empresa A;35;2;32;H;0;3;3;1;2;Heavy;9;24.3
979;3;Empresa A;36;2;65;M;0;3;3;1;2;Heavy;9;24.3
980;3;Empresa A;42;2;51;H;0;2;4;1;2;Heavy;12;32.4
981;3;Empresa A;10;2;41;H;0;1;2;1;2;Heavy;12;32.4
982;3;Empresa A;39;2;22;H;0;3;2;1;2;Heavy;7;18.9
983;3;Empresa A;6;2;37;M;1;3;4;0;2;Heavy;12;32.4
984;3;Empresa A;17;2;57;H;0;3;3;1;2;Heavy;7;18.9
985;3;Empresa A;45;2;69;H;1;2;2;1;2;Heavy;10;27
986;3;Empresa A;29;2;27;H;0;3;1;0;2;Heavy;8;21.6
987;3;Empresa A;3;2;66;M;1;1;3;1;2;Heavy;7;18.9
988;3;Empresa A;7;2;58;H;0;3;1;0;2;Heavy;7;18.9
989;3;Empresa A;34;2;43;H;0;3;1;1;2;Heavy;12;32.4
990;3;Empresa A;32;2;22;M;0;2;4;0;2;Heavy;10;27
991;3;Empresa A;9;2;22;M;0;1;4;1;2;Heavy;9;24.3
992;3;Empresa A;4;2;49;H;0;3;1;0;2;Heavy;7;18.9
993;3;Empresa A;39;2;62;M;1;1;3;0;2;Heavy;10;27
994;3;Empresa A;38;2;64;H;0;1;3;0;2;Heavy;8;21.6
995;3;Empresa A;6;2;35;M;1;1;1;1;2;Heavy;10;27
996;3;Empresa A;43;2;64;M;0;2;2;1;2;Super Heavy;20;54
997;3;Empresa A;29;2;57;M;0;3;1;1;2;Super Heavy;22;59.4
998;3;Empresa B;24;2;31;M;1;1;1;1;2;Super Heavy;20;54
999;3;Empresa B;37;2;62;M;0;3;2;1;2;Super Heavy;20;54
1000;3;Empresa B;47;2;63;H;1;2;4;1;2;Super Heavy;20;54
1001;1;No Aplica;19;1;23;M;0;1;2;0;3;Low;1;3
1002;1;No Aplica;13;1;41;M;0;3;1;1;3;Low;0;0
1003;1;No Aplica;1;1;26;H;0;3;1;0;3;Low;0;0
1004;1;No Aplica;48;1;29;M;0;2;2;1;3;Low;3;9
1005;1;No Aplica;45;1;37;H;0;3;4;0;3;Low;2;6
1006;1;No Aplica;26;1;53;H;0;2;3;0;3;Low;1;3
1007;1;No Aplica;38;1;51;M;0;1;2;0;3;Low;0;0
1008;1;No Aplica;29;1;53;H;0;1;3;0;3;Low;3;9
1009;1;No Aplica;20;1;46;M;0;3;4;0;3;Low;1;3
1010;1;No Aplica;12;1;26;M;0;2;4;0;3;Low;0;0
1011;1;No Aplica;4;1;66;H;1;1;2;1;3;Low;0;0
1012;1;No Aplica;36;1;28;H;0;1;2;1;3;Low;0;0
1013;1;No Aplica;3;1;26;H;0;3;1;1;3;Low;3;9
1014;1;No Aplica;10;1;37;H;0;3;2;1;3;Low;2;6
1015;1;No Aplica;15;1;23;H;1;2;1;0;3;Low;3;9
1016;1;No Aplica;5;1;66;H;0;1;1;0;3;Low;1;3
1017;1;No Aplica;42;1;69;H;1;1;3;0;3;Low;0;0
1018;1;No Aplica;17;1;38;H;0;1;4;0;3;Low;1;3
1019;1;No Aplica;45;1;50;M;1;1;4;1;3;Low;2;6
1020;1;No Aplica;22;1;34;H;1;3;4;0;3;Low;3;9
1021;1;No Aplica;48;1;47;M;0;2;1;1;3;Low;3;9
1022;1;No Aplica;45;1;46;M;0;2;2;1;3;Low;0;0
1023;1;No Aplica;41;1;61;H;0;3;4;0;3;Low;2;6
1024;1;No Aplica;33;1;32;M;0;3;3;1;3;Low;1;3
1025;1;No Aplica;30;1;47;H;1;3;4;0;3;Low;2;6
1026;1;No Aplica;31;1;49;M;0;1;3;1;3;Low;1;3
1027;1;No Aplica;28;1;24;H;0;2;1;1;3;Low;0;0
1028;1;No Aplica;25;1;32;H;1;2;3;0;3;Low;2;6
1029;1;No Aplica;46;1;54;M;1;1;1;1;3;Low;1;3
1030;1;No Aplica;4;1;34;H;0;2;1;0;3;Low;0;0
1031;1;No Aplica;28;1;66;H;1;1;1;1;3;Low;0;0
1032;1;No Aplica;48;1;68;H;1;1;1;1;3;Low;3;9
1033;1;No Aplica;19;1;35;M;0;2;1;0;3;Low;0;0
1034;1;No Aplica;12;1;34;M;1;3;1;1;3;Low;2;6
1035;1;No Aplica;7;1;67;H;0;2;1;1;3;Low;0;0
1036;1;No Aplica;46;1;64;H;1;3;2;1;3;Low;3;9
1037;1;No Aplica;21;1;48;M;0;1;3;0;3;Low;3;9
1038;1;No Aplica;5;1;41;M;0;2;3;0;3;Low;3;9
1039;1;No Aplica;4;1;25;M;0;1;4;1;3;Low;3;9
1040;1;No Aplica;49;1;25;M;0;3;1;1;3;Low;0;0
1041;1;No Aplica;38;1;27;M;0;1;2;0;3;Low;3;9
1042;1;No Aplica;11;1;23;H;0;1;3;1;3;Low;2;6
1043;1;No Aplica;3;1;29;H;0;1;4;1;3;Low;1;3
1044;1;No Aplica;17;1;22;M;0;3;2;0;3;Low;2;6
1045;1;No Aplica;31;1;48;M;1;2;1;0;3;Low;3;9
1046;1;No Aplica;27;1;28;H;0;3;3;1;3;Low;0;0
1047;1;No Aplica;20;1;29;M;0;3;2;0;3;Low;0;0
1048;1;No Aplica;17;1;43;M;1;3;1;0;3;Low;3;9
1049;1;No Aplica;8;1;64;H;0;1;4;0;3;Low;2;6
1050;1;No Aplica;47;1;32;M;1;1;3;1;3;Low;2;6
1051;1;No Aplica;49;1;32;M;0;1;3;0;3;Low;2;6
1052;1;No Aplica;41;1;22;H;0;1;3;0;3;Low;2;6
1053;1;No Aplica;30;1;36;M;0;3;2;1;3;Low;1;3
1054;1;No Aplica;37;1;61;H;0;1;2;0;3;Low;1;3
1055;1;No Aplica;10;1;60;M;0;2;1;0;3;Low;2;6
1056;1;No Aplica;24;1;60;H;0;2;1;0;3;Low;0;0
1057;1;No Aplica;33;1;40;H;0;1;2;0;3;Low;1;3
1058;1;No Aplica;6;1;25;H;0;1;4;0;3;Low;3;9
1059;1;No Aplica;17;1;31;M;0;3;2;1;3;Low;1;3
1060;1;No Aplica;17;1;56;M;1;3;2;0;3;Low;1;3
1061;1;No Aplica;30;1;36;M;1;1;2;0;3;Low;2;6
1062;1;No Aplica;34;1;36;M;0;1;2;0;3;Low;1;3
1063;1;No Aplica;18;1;23;H;0;1;3;0;3;Low;2;6
1064;1;No Aplica;41;1;39;H;1;2;2;1;3;Low;3;9
1065;1;No Aplica;27;1;28;H;1;3;3;0;3;Low;0;0
1066;1;No Aplica;47;1;68;M;0;1;2;0;3;Low;2;6
1067;1;No Aplica;41;1;68;M;0;3;3;0;3;Low;0;0
1068;1;No Aplica;7;1;25;M;0;1;3;1;3;Low;3;9
1069;1;No Aplica;36;1;66;H;0;3;1;1;3;Low;1;3
1070;1;No Aplica;7;1;31;M;1;2;3;0;3;Low;0;0
1071;1;No Aplica;13;1;40;M;0;3;2;0;3;Low;0;0
1072;1;No Aplica;45;1;43;M;1;2;3;0;3;Low;0;0
1073;1;No Aplica;16;1;61;H;0;3;3;0;3;Low;3;9
1074;1;No Aplica;10;1;26;M;0;2;3;1;3;Low;0;0
1075;1;No Aplica;3;1;60;H;1;1;4;0;3;Low;3;9
1076;1;No Aplica;23;1;33;H;1;1;2;0;3;Low;2;6
1077;1;No Aplica;9;1;27;M;0;1;3;1;3;Low;0;0
1078;1;No Aplica;17;1;63;H;1;1;1;0;3;Low;3;9
1079;1;No Aplica;17;1;52;M;0;1;1;0;3;Low;3;9
1080;1;No Aplica;38;1;59;H;0;1;4;1;3;Low;0;0
1081;1;No Aplica;13;1;40;H;0;3;2;1;3;Low;2;6
1082;1;No Aplica;35;1;45;H;0;2;2;1;3;Low;3;9
1083;1;No Aplica;23;1;23;M;0;3;2;0;3;Low;3;9
1084;1;No Aplica;30;1;24;H;0;3;1;1;3;Low;1;3
1085;1;No Aplica;29;1;60;M;0;2;1;0;3;Low;0;0
1086;1;No Aplica;3;1;69;M;0;1;2;1;3;Low;3;9
1087;1;No Aplica;36;1;48;H;0;1;1;0;3;Low;0;0
1088;1;No Aplica;32;1;55;H;0;1;1;0;3;Low;3;9
1089;1;No Aplica;30;1;52;H;0;3;4;1;3;Low;0;0
1090;1;No Aplica;7;1;31;M;0;3;2;0;3;Low;3;9
1091;1;No Aplica;48;1;47;H;1;3;4;0;3;Low;0;0
1092;1;No Aplica;40;1;53;M;0;3;2;1;3;Low;0;0
1093;1;No Aplica;11;1;22;M;1;2;1;0;3;Low;1;3
1094;1;No Aplica;17;1;49;H;0;2;4;1;3;Low;0;0
1095;1;No Aplica;7;1;63;M;0;2;1;0;3;Low;2;6
1096;1;No Aplica;49;1;50;M;0;1;4;0;3;Low;2;6
1097;1;No Aplica;19;1;57;H;0;2;4;0;3;Low;2;6
1098;1;No Aplica;40;1;26;M;0;2;1;0;3;Low;0;0
1099;1;No Aplica;9;1;59;H;0;3;4;1;3;Low;1;3
1100;1;No Aplica;45;1;65;H;0;1;3;0;3;Low;3;9
1101;1;No Aplica;2;1;35;H;0;1;1;1;3;Low;1;3
1102;1;No Aplica;19;1;59;H;0;3;1;0;3;Low;2;6
1103;1;No Aplica;3;1;67;M;0;2;4;1;3;Low;0;0
1104;1;No Aplica;11;1;22;H;0;3;1;1;3;Low;2;6
1105;1;No Aplica;17;1;41;H;0;2;4;0;3;Low;3;9
1106;1;No Aplica;27;1;32;H;0;2;1;0;3;Low;3;9
1107;1;No Aplica;33;1;26;H;1;3;4;0;3;Low;1;3
1108;1;No Aplica;20;1;32;M;0;3;2;0;3;Low;2;6
1109;1;No Aplica;46;1;52;M;0;3;4;0;3;Low;2;6
1110;1;No Aplica;37;1;62;M;0;3;2;0;3;Low;2;6
1111;1;No Aplica;23;1;52;M;0;2;3;0;3;Low;2;6
1112;1;No Aplica;32;1;68;H;0;3;1;1;3;Low;0;0
1113;1;No Aplica;42;1;46;M;1;3;1;0;3;Low;0;0
1114;1;No Aplica;28;1;35;M;0;3;3;1;3;Low;0;0
1115;1;No Aplica;17;1;33;M;0;2;4;0;3;Low;2;6
1116;1;No Aplica;26;1;35;M;0;1;4;0;3;Low;1;3
1117;1;No Aplica;29;1;48;H;0;2;1;0;3;Low;3;9
1118;1;No Aplica;16;1;60;M;0;3;1;1;3;Low;0;0
1119;1;No Aplica;48;1;44;H;1;1;2;0;3;Low;3;9
1120;1;No Aplica;47;1;52;M;0;3;1;0;3;Low;1;3
1121;1;No Aplica;48;1;40;H;0;1;3;0;3;Low;0;0
1122;1;No Aplica;19;1;48;H;0;1;1;0;3;Low;1;3
1123;1;No Aplica;23;1;41;M;1;3;3;1;3;Low;3;9
1124;1;No Aplica;32;1;65;M;0;3;3;0;3;Low;1;3
1125;1;No Aplica;43;1;39;M;0;2;3;0;3;Low;0;0
1126;1;No Aplica;2;1;22;H;0;3;3;0;3;Low;0;0
1127;1;No Aplica;21;1;59;M;0;2;1;0;3;Low;1;3
1128;1;No Aplica;23;1;29;M;0;3;2;1;3;Low;3;9
1129;1;No Aplica;4;1;62;M;0;1;3;1;3;Low;3;9
1130;1;No Aplica;12;1;63;H;0;2;2;0;3;Low;2;6
1131;1;No Aplica;31;1;65;M;1;2;4;1;3;Low;0;0
1132;1;No Aplica;29;1;53;M;0;2;4;1;3;Low;1;3
1133;1;No Aplica;26;1;27;M;0;1;3;0;3;Low;2;6
1134;1;No Aplica;10;1;60;M;0;1;2;1;3;Low;0;0
1135;1;No Aplica;23;1;63;M;0;1;2;1;3;Low;2;6
1136;1;No Aplica;27;1;58;H;1;2;3;1;3;Low;2;6
1137;1;No Aplica;28;1;44;H;1;3;3;0;3;Low;3;9
1138;1;No Aplica;35;1;61;H;0;3;2;0;3;Low;1;3
1139;1;No Aplica;27;1;64;H;0;3;2;1;3;Low;0;0
1140;1;No Aplica;13;1;66;H;1;2;4;0;3;Low;3;9
1141;1;No Aplica;40;1;54;M;0;1;3;0;3;Low;3;9
1142;1;No Aplica;45;1;65;M;0;2;4;0;3;Low;2;6
1143;1;No Aplica;22;1;68;H;0;3;3;0;3;Low;2;6
1144;1;No Aplica;45;1;34;M;0;1;2;0;3;Low;0;0
1145;1;No Aplica;42;1;64;H;1;2;2;0;3;Low;2;6
1146;1;No Aplica;28;1;28;M;0;3;2;0;3;Low;2;6
1147;1;No Aplica;26;1;58;H;0;2;1;1;3;Low;1;3
1148;1;No Aplica;17;1;47;H;1;2;2;1;3;Low;3;9
1149;1;No Aplica;9;1;27;M;0;1;2;0;3;Low;0;0
1171;1;No Aplica;35;1;27;M;0;3;4;1;3;Medium;4;12
1172;1;No Aplica;18;1;43;H;0;2;3;0;3;Medium;5;15
1173;1;No Aplica;32;1;68;H;0;1;1;0;3;Medium;7;21
1174;1;No Aplica;14;1;56;M;1;3;3;1;3;Medium;6;18
1175;1;No Aplica;29;1;43;M;0;3;3;1;3;Medium;4;12
1176;1;No Aplica;33;1;39;M;0;3;2;1;3;Medium;7;21
1177;1;No Aplica;3;1;68;M;1;1;3;0;3;Medium;4;12
1178;1;No Aplica;41;1;42;H;0;3;1;1;3;Medium;6;18
1179;1;No Aplica;43;1;42;H;0;2;1;1;3;Medium;6;18
1180;1;No Aplica;17;1;23;H;1;3;1;1;3;Medium;6;18
1181;1;No Aplica;35;1;37;H;0;2;3;0;3;Medium;6;18
1182;1;No Aplica;9;1;60;M;0;3;2;1;3;Medium;4;12
1183;1;No Aplica;13;1;36;M;0;2;2;0;3;Medium;4;12
1184;1;No Aplica;23;1;22;M;0;3;2;1;3;Medium;4;12
1185;1;No Aplica;41;1;40;M;0;2;4;0;3;Medium;5;15
1186;1;No Aplica;28;1;68;M;0;3;4;1;3;Medium;6;18
1187;1;No Aplica;9;1;49;M;0;3;1;0;3;Medium;7;21
1188;1;No Aplica;7;1;48;H;0;2;1;0;3;Medium;6;18
1189;1;No Aplica;30;1;55;M;1;3;1;0;3;Medium;4;12
1190;1;No Aplica;16;1;29;M;0;1;3;0;3;Medium;7;21
1191;1;No Aplica;33;1;35;H;0;3;1;1;3;Medium;6;18
1192;1;No Aplica;9;1;26;M;0;1;2;0;3;Medium;5;15
1193;1;No Aplica;11;1;25;M;1;1;2;0;3;Medium;5;15
1194;1;No Aplica;19;1;28;M;0;1;2;0;3;Medium;5;15
1195;1;No Aplica;41;1;28;H;0;1;4;1;3;Medium;7;21
1196;1;No Aplica;4;1;66;H;0;3;3;1;3;Medium;4;12
1197;1;No Aplica;30;1;39;M;0;2;1;1;3;Medium;4;12
1198;1;No Aplica;14;1;67;M;0;3;3;1;3;Medium;6;18
1199;1;No Aplica;38;1;42;H;0;2;3;1;3;Medium;7;21
1200;1;No Aplica;33;1;22;M;1;1;4;1;3;Medium;5;15
1201;1;No Aplica;3;1;23;M;0;2;1;1;3;Medium;4;12
1202;1;No Aplica;41;1;33;M;1;1;3;1;3;Medium;6;18
1203;1;No Aplica;14;1;30;H;0;1;2;1;3;Medium;4;12
1204;1;No Aplica;43;1;45;H;0;2;3;0;3;Medium;6;18
1205;1;No Aplica;29;1;36;M;0;2;2;0;3;Medium;4;12
1206;1;No Aplica;14;1;62;H;0;2;2;0;3;Medium;4;12
1207;1;No Aplica;20;1;40;M;0;2;4;1;3;Medium;5;15
1208;1;No Aplica;48;1;41;M;0;1;3;1;3;Medium;7;21
1209;1;No Aplica;46;1;26;H;1;3;3;1;3;Medium;6;18
1210;1;No Aplica;41;1;41;M;0;3;1;1;3;Medium;7;21
1211;1;No Aplica;35;1;52;H;0;3;3;0;3;Medium;5;15
1212;1;No Aplica;22;1;25;M;0;1;2;0;3;Medium;6;18
1213;1;No Aplica;30;1;54;M;1;3;3;0;3;Medium;7;21
1214;1;No Aplica;20;1;28;H;1;3;1;1;3;Medium;4;12
1215;1;No Aplica;28;1;35;H;0;3;1;0;3;Medium;6;18
1216;1;No Aplica;17;1;66;H;0;1;4;1;3;Medium;5;15
1217;1;No Aplica;17;1;47;H;0;1;2;1;3;Medium;7;21
1218;1;No Aplica;23;1;42;H;0;3;1;0;3;Medium;5;15
1219;1;No Aplica;41;1;68;H;0;1;1;0;3;Medium;7;21
1220;1;No Aplica;17;1;40;M;0;2;1;1;3;Medium;6;18
1221;1;No Aplica;21;1;31;M;0;3;2;1;3;Medium;5;15
1222;1;No Aplica;33;1;24;H;1;3;3;0;3;Medium;6;18
1223;1;No Aplica;27;1;63;M;0;1;1;0;3;Medium;5;15
1224;1;No Aplica;6;1;25;M;0;1;3;0;3;Medium;6;18
1225;1;No Aplica;24;1;37;H;0;3;1;1;3;Medium;5;15
1226;1;No Aplica;45;1;28;M;0;3;1;0;3;Medium;4;12
1227;1;No Aplica;9;1;67;H;0;2;2;1;3;Medium;4;12
1228;1;No Aplica;36;1;26;M;0;3;1;1;3;Medium;4;12
1229;1;No Aplica;21;1;34;H;0;3;3;0;3;Medium;5;15
1230;1;No Aplica;39;1;53;H;0;1;3;0;3;Medium;7;21
1231;1;No Aplica;30;1;27;M;0;3;1;0;3;Medium;7;21
1232;1;No Aplica;13;1;58;M;1;3;2;1;3;Medium;5;15
1233;1;No Aplica;32;1;35;H;0;1;2;0;3;Medium;7;21
1234;1;No Aplica;13;1;57;H;0;2;3;1;3;Medium;4;12
1235;1;No Aplica;13;1;42;H;0;3;2;0;3;Medium;5;15
1236;1;No Aplica;34;1;32;H;0;3;2;0;3;Medium;5;15
1237;1;No Aplica;40;1;38;H;0;3;2;0;3;Medium;4;12
1238;1;No Aplica;2;1;50;H;1;3;3;0;3;Medium;5;15
1239;1;No Aplica;17;1;52;M;1;1;3;1;3;Medium;4;12
1240;1;No Aplica;46;1;50;H;0;3;2;0;3;Medium;4;12
1241;1;No Aplica;43;1;49;M;0;2;2;0;3;Medium;7;21
1242;1;No Aplica;42;1;34;M;1;3;2;1;3;Medium;6;18
1243;1;No Aplica;26;1;41;M;0;1;4;0;3;Medium;4;12
1244;1;No Aplica;17;1;35;H;0;2;3;0;3;Medium;5;15
1245;1;No Aplica;44;1;22;M;0;3;2;0;3;Medium;4;12
1246;1;No Aplica;47;1;22;H;1;3;3;1;3;Medium;7;21
1247;2;Independiente;49;2;63;M;0;1;3;0;3;Medium;6;16.2
1248;2;Independiente;11;2;69;H;0;1;4;1;3;Medium;7;18.9
1249;2;Independiente;46;2;34;M;1;3;4;0;3;Medium;5;13.5
1250;2;Independiente;39;2;23;H;0;3;4;1;3;Medium;6;16.2
1251;2;Independiente;46;2;52;M;0;1;2;1;3;Medium;7;18.9
1252;2;Independiente;39;2;47;H;0;3;1;0;3;Medium;7;18.9
1253;2;Independiente;9;2;67;H;0;2;1;1;3;Medium;6;16.2
1254;2;Independiente;13;2;48;H;0;2;2;0;3;Medium;7;18.9
1255;2;Independiente;18;2;42;M;0;1;1;0;3;Medium;5;13.5
1256;2;Independiente;39;2;56;H;0;3;3;1;3;Medium;7;18.9
1257;2;Independiente;20;2;66;M;1;2;1;0;3;Medium;5;13.5
1258;2;Independiente;31;2;51;M;0;3;4;1;3;Medium;4;10.8
1259;2;Independiente;12;2;42;M;0;2;3;0;3;Medium;7;18.9
1260;2;Independiente;20;2;32;H;1;2;1;1;3;Medium;6;16.2
1261;2;Independiente;49;2;36;M;0;1;1;1;3;Medium;5;13.5
1262;2;Independiente;27;2;30;H;0;2;4;0;3;Medium;5;13.5
1263;2;Independiente;8;2;34;M;0;3;1;1;3;Medium;5;13.5
1264;2;Independiente;8;2;30;H;0;1;4;0;3;Medium;7;18.9
1265;2;Independiente;47;2;30;H;0;3;2;1;3;Medium;7;18.9
1266;2;Independiente;5;2;46;H;0;3;4;1;3;Medium;4;10.8
1267;2;Independiente;36;2;58;M;0;2;2;1;3;Medium;4;10.8
1268;2;Independiente;29;2;45;M;0;1;1;0;3;Medium;5;13.5
1269;2;Independiente;26;2;44;H;0;2;4;0;3;Medium;7;18.9
1270;2;Independiente;29;2;33;M;0;1;1;0;3;Medium;6;16.2
1271;2;Independiente;41;2;51;M;0;1;4;0;3;Medium;4;10.8
1272;2;Independiente;48;2;62;M;0;3;2;0;3;Medium;4;10.8
1273;2;Independiente;20;2;53;H;0;1;1;1;3;Medium;5;13.5
1274;2;Independiente;38;2;43;H;0;3;4;1;3;Medium;6;16.2
1275;2;Independiente;47;2;28;H;0;3;2;1;3;Medium;5;13.5
1276;2;Independiente;44;2;54;H;0;3;3;1;3;Medium;6;16.2
1277;2;Independiente;3;2;66;M;1;1;3;1;3;Medium;4;10.8
1278;2;Independiente;7;2;56;M;0;3;1;1;3;Medium;5;13.5
1279;2;Independiente;5;2;65;H;0;3;4;1;3;Medium;5;13.5
1280;2;Independiente;19;2;25;M;0;1;3;1;3;Medium;7;18.9
1281;2;Independiente;43;2;42;M;1;3;4;1;3;Medium;6;16.2
1282;2;Independiente;47;2;50;H;0;2;3;0;3;Medium;7;18.9
1283;2;Independiente;7;2;29;M;0;1;2;0;3;Medium;7;18.9
1284;2;Independiente;30;2;24;H;0;1;2;1;3;Medium;4;10.8
1285;2;Independiente;34;2;50;M;0;1;3;0;3;Medium;4;10.8
1286;2;Independiente;41;2;49;H;0;3;1;1;3;Medium;7;18.9
1287;2;Independiente;11;2;45;M;0;3;3;1;3;Medium;5;13.5
1288;2;Independiente;7;2;42;M;0;3;1;0;3;Medium;5;13.5
1289;2;Independiente;14;2;57;H;0;2;1;1;3;Medium;5;13.5
1290;2;Independiente;41;2;62;H;1;1;4;0;3;Medium;4;10.8
1291;2;Independiente;13;2;63;H;0;1;1;1;3;Medium;7;18.9
1292;2;Independiente;39;2;22;M;0;2;1;0;3;Medium;5;13.5
1293;2;Independiente;25;2;66;M;0;3;1;0;3;Medium;5;13.5
1294;2;Independiente;18;2;29;H;0;1;1;0;3;Medium;4;10.8
1295;2;Independiente;48;2;68;M;0;3;1;1;3;Medium;7;18.9
1296;2;Independiente;30;2;68;H;0;1;4;1;3;Medium;6;16.2
1297;2;Independiente;6;2;54;H;0;3;3;0;3;Medium;6;16.2
1298;2;Independiente;11;2;31;H;0;1;2;1;3;Medium;5;13.5
1299;2;Independiente;12;2;30;M;0;3;3;1;3;Medium;4;10.8
1300;2;Independiente;28;2;46;M;0;1;1;0;3;Medium;7;18.9
1301;2;Independiente;10;2;65;H;1;3;1;0;3;Medium;5;13.5
1302;2;Independiente;7;2;42;H;0;3;2;0;3;Medium;6;16.2
1303;2;Independiente;27;2;37;M;1;1;4;1;3;Medium;6;16.2
1304;2;Independiente;20;2;37;H;0;3;2;0;3;Medium;5;13.5
1305;2;Independiente;42;2;48;M;0;1;2;1;3;Medium;5;13.5
1306;2;Independiente;4;2;49;M;0;1;3;0;3;Medium;7;18.9
1307;2;Independiente;41;2;57;H;0;1;1;1;3;Medium;7;18.9
1308;2;Independiente;47;2;68;M;1;2;1;1;3;Medium;5;13.5
1309;2;Independiente;43;2;64;H;1;3;1;1;3;Medium;7;18.9
1310;2;Independiente;2;2;64;H;0;3;1;0;3;Medium;5;13.5
1311;2;Independiente;29;2;68;H;0;3;1;0;3;Medium;4;10.8
1312;2;Independiente;9;2;63;M;0;2;2;0;3;Medium;4;10.8
1313;2;Independiente;47;2;63;M;0;3;2;1;3;Medium;7;18.9
1314;2;Independiente;29;2;32;H;0;1;1;1;3;Medium;5;13.5
1315;2;Independiente;25;2;35;H;0;1;3;1;3;Medium;5;13.5
1316;2;Independiente;43;2;31;H;0;3;2;1;3;Medium;5;13.5
1317;2;Independiente;41;2;41;H;1;3;4;0;3;Medium;7;18.9
1318;2;Independiente;48;2;30;M;1;3;2;1;3;Medium;7;18.9
1319;2;Independiente;39;2;48;M;1;1;1;1;3;Medium;5;13.5
1320;2;Independiente;13;2;34;H;0;1;3;1;3;Medium;6;16.2
1321;2;Independiente;38;2;32;M;0;3;3;0;3;Medium;4;10.8
1322;2;Independiente;47;2;23;M;0;3;3;1;3;Medium;6;16.2
1323;2;Independiente;7;2;42;H;0;3;3;0;3;Medium;6;16.2
1324;2;Independiente;42;2;50;H;0;2;2;0;3;Medium;7;18.9
1325;2;Independiente;12;2;59;H;0;3;2;1;3;Medium;6;16.2
1326;2;Independiente;27;2;34;M;1;3;2;0;3;Medium;4;10.8
1327;2;Independiente;21;2;56;H;0;3;1;0;3;Medium;5;13.5
1328;2;Independiente;43;2;53;H;0;1;1;1;3;Medium;5;13.5
1329;2;Independiente;15;2;52;M;0;2;3;0;3;Medium;6;16.2
1330;2;Independiente;22;2;47;M;0;3;3;1;3;Medium;7;18.9
1331;2;Independiente;18;2;49;H;0;3;3;1;3;Medium;6;16.2
1332;2;Independiente;26;2;64;H;0;3;3;0;3;Medium;7;18.9
1333;2;Independiente;43;2;55;H;0;2;3;0;3;Medium;4;10.8
1334;2;Independiente;35;2;65;H;0;3;3;1;3;Medium;7;18.9
1335;2;Independiente;2;2;48;H;0;1;2;1;3;Medium;4;10.8
1336;2;Independiente;7;2;45;H;0;2;1;1;3;Medium;5;13.5
1337;2;Independiente;15;2;41;H;0;3;2;1;3;Medium;4;10.8
1338;2;Independiente;49;2;43;H;0;1;2;1;3;Medium;7;18.9
1339;2;Independiente;39;2;67;H;1;1;1;1;3;Medium;6;16.2
1340;2;Independiente;10;2;66;H;0;3;1;1;3;Medium;7;18.9
1341;2;Independiente;43;2;60;M;0;3;3;1;3;Medium;4;10.8
1342;2;Independiente;16;2;25;M;0;3;1;0;3;Medium;5;13.5
1343;2;Independiente;27;2;54;M;0;3;2;0;3;Medium;7;18.9
1344;2;Independiente;7;2;36;H;0;2;1;0;3;Medium;7;18.9
1345;2;Independiente;14;2;61;H;1;1;1;0;3;Medium;5;13.5
1346;2;Independiente;10;2;59;M;1;1;4;1;3;Medium;5;13.5
1347;2;Independiente;30;2;59;H;0;3;4;1;3;Medium;5;13.5
1348;2;Independiente;40;2;67;M;0;2;1;1;3;Medium;4;10.8
1349;2;Independiente;32;2;48;H;0;3;1;1;3;Medium;4;10.8
1350;2;Independiente;16;2;42;H;0;1;2;1;3;Medium;4;10.8
1351;2;Independiente;32;2;41;H;0;3;1;1;3;Medium;6;16.2
1352;2;Independiente;35;2;45;H;0;3;2;0;3;Medium;5;13.5
1353;2;Independiente;17;2;66;M;1;3;3;0;3;Medium;4;10.8
1354;2;Independiente;13;2;52;H;0;1;2;0;3;Medium;7;18.9
1355;2;Independiente;19;2;35;M;1;3;3;1;3;Medium;6;16.2
1356;2;Independiente;17;2;25;M;0;1;2;1;3;Medium;5;13.5
1357;2;Independiente;27;2;24;M;1;2;2;0;3;Medium;6;16.2
1358;2;Independiente;22;2;47;H;1;1;2;1;3;Medium;7;18.9
1359;2;Independiente;39;2;67;M;0;1;3;1;3;Medium;4;10.8
1360;2;Independiente;41;2;59;H;0;3;3;1;3;Medium;6;16.2
1361;2;Independiente;1;2;59;H;0;2;3;0;3;Medium;6;16.2
1362;2;Independiente;32;2;46;M;0;3;4;1;3;Medium;4;10.8
1363;2;Independiente;31;2;38;M;1;3;4;0;3;Medium;4;10.8
1364;2;Independiente;10;2;66;H;0;3;1;0;3;Medium;7;18.9
1365;2;Independiente;5;2;25;H;0;2;2;1;3;Medium;5;13.5
1366;2;Independiente;44;2;41;M;0;1;2;0;3;Medium;5;13.5
1367;2;Independiente;20;2;27;M;0;1;2;0;3;Medium;4;10.8
1368;2;Independiente;41;2;37;H;0;3;1;1;3;Medium;5;13.5
1369;2;Independiente;29;2;43;H;0;3;1;1;3;Medium;4;10.8
1370;2;Independiente;8;2;56;M;0;3;3;1;3;Medium;4;10.8
1371;2;Independiente;42;2;45;M;0;1;2;0;3;Medium;4;10.8
1372;2;Independiente;21;2;52;H;0;3;1;1;3;Medium;7;18.9
1373;2;Independiente;38;2;69;H;0;1;2;1;3;Medium;7;18.9
1374;2;Independiente;23;2;37;H;0;1;4;1;3;Medium;5;13.5
1375;2;Independiente;8;2;40;H;0;3;4;0;3;Medium;5;13.5
1376;2;Independiente;16;2;33;M;0;1;2;1;3;Medium;6;16.2
1377;2;Independiente;8;2;63;M;0;3;2;0;3;Medium;5;13.5
1378;2;Independiente;43;2;27;H;0;3;1;1;3;Medium;5;13.5
1379;2;Independiente;11;2;41;H;0;1;1;0;3;Medium;7;18.9
1380;2;Independiente;18;2;65;M;0;1;1;1;3;Medium;4;10.8
1381;2;Independiente;29;2;34;H;0;2;3;0;3;Medium;7;18.9
1382;2;Independiente;1;2;66;H;0;3;1;1;3;Medium;5;13.5
1383;2;Independiente;24;2;43;H;0;1;1;1;3;Medium;5;13.5
1384;2;Independiente;13;2;24;M;0;1;1;1;3;Medium;5;13.5
1385;2;Independiente;1;2;24;H;1;1;1;0;3;Medium;4;10.8
1386;2;Independiente;5;2;36;H;0;3;2;0;3;Medium;7;18.9
1387;2;Independiente;26;2;64;H;0;2;2;0;3;Medium;7;18.9
1388;2;Independiente;31;2;61;H;1;2;2;0;3;Medium;4;10.8
1389;2;Independiente;45;2;41;M;0;1;3;1;3;Medium;5;13.5
1390;2;Independiente;13;2;42;M;1;3;2;1;3;Medium;6;16.2
1391;2;Independiente;19;2;65;M;0;3;3;0;3;Medium;5;13.5
1392;2;Independiente;6;2;37;H;0;3;3;1;3;Medium;4;10.8
1393;2;Independiente;33;2;30;H;0;3;1;1;3;Medium;6;16.2
1394;2;Independiente;10;2;41;M;1;1;1;0;3;Medium;4;10.8
1395;2;Independiente;32;2;64;H;0;3;2;1;3;Heavy;11;29.7
1396;2;Independiente;10;2;23;M;0;2;2;1;3;Heavy;7;18.9
1397;2;Independiente;32;2;42;M;1;1;4;1;3;Heavy;11;29.7
1398;2;Independiente;3;2;43;M;0;3;4;0;3;Heavy;10;27
1399;2;Independiente;20;2;55;M;0;1;2;0;3;Heavy;9;24.3
1400;2;Independiente;5;2;69;M;0;2;3;1;3;Heavy;9;24.3
1401;2;Independiente;33;2;69;M;0;2;1;0;3;Heavy;8;21.6
1402;2;Independiente;12;2;57;M;1;3;2;1;3;Heavy;9;24.3
1403;2;Independiente;23;2;54;H;0;1;4;0;3;Heavy;12;32.4
1404;2;Independiente;44;2;39;M;1;2;3;0;3;Heavy;11;29.7
1405;2;Independiente;10;2;42;H;0;3;4;0;3;Heavy;10;27
1406;2;Independiente;6;2;57;M;0;2;3;0;3;Heavy;10;27
1407;2;Independiente;26;2;26;H;0;3;3;0;3;Heavy;12;32.4
1408;2;Independiente;46;2;56;H;0;2;2;0;3;Heavy;10;27
1409;2;Independiente;14;2;24;M;0;2;2;1;3;Heavy;7;18.9
1410;2;Independiente;24;2;45;H;1;1;4;1;3;Heavy;11;29.7
1411;2;Independiente;45;2;33;H;0;3;2;0;3;Heavy;12;32.4
1412;2;Independiente;45;2;28;M;0;3;2;1;3;Heavy;7;18.9
1413;2;Independiente;6;2;50;H;0;3;2;0;3;Heavy;9;24.3
1414;2;Independiente;22;2;67;H;1;2;3;0;3;Heavy;10;27
1415;2;Independiente;45;2;24;M;1;2;1;1;3;Heavy;11;29.7
1416;2;Independiente;39;2;33;M;0;2;1;0;3;Heavy;12;32.4
1417;2;Independiente;20;2;44;M;1;3;2;1;3;Heavy;8;21.6
1418;2;Independiente;11;2;34;H;0;3;1;0;3;Heavy;10;27
1419;2;Independiente;33;2;23;M;0;3;2;1;3;Heavy;10;27
1420;2;Independiente;41;2;27;M;0;1;3;1;3;Heavy;12;32.4
1421;2;Independiente;22;2;60;H;0;3;1;0;3;Heavy;12;32.4
1422;2;Independiente;1;2;42;M;1;2;2;1;3;Heavy;10;27
1423;2;Independiente;2;2;52;H;0;3;4;1;3;Heavy;12;32.4
1424;2;Independiente;12;2;67;H;1;1;3;1;3;Heavy;12;32.4
1425;2;Independiente;16;2;29;H;1;3;1;1;3;Heavy;12;32.4
1426;2;Independiente;35;2;54;M;0;1;2;0;3;Heavy;8;21.6
1427;2;Independiente;24;2;34;H;0;2;2;0;3;Heavy;12;32.4
1428;2;Independiente;20;2;69;M;0;2;2;1;3;Heavy;12;32.4
1429;2;Independiente;47;2;48;H;0;1;1;1;3;Heavy;12;32.4
1430;2;Independiente;31;2;54;M;1;1;2;0;3;Heavy;10;27
1431;2;Independiente;35;2;31;H;0;1;4;1;3;Heavy;9;24.3
1432;3;Empresa A;5;2;53;M;0;3;2;1;3;Heavy;7;18.9
1433;3;Empresa A;16;2;64;H;0;3;2;1;3;Heavy;9;24.3
1434;3;Empresa A;48;2;47;H;1;2;1;1;3;Heavy;12;32.4
1435;3;Empresa A;28;2;58;M;0;1;2;1;3;Heavy;12;32.4
1436;3;Empresa A;7;2;62;M;0;2;2;0;3;Heavy;9;24.3
1437;3;Empresa A;41;2;64;M;0;3;2;1;3;Heavy;10;27
1438;3;Empresa A;40;2;66;H;0;3;3;0;3;Heavy;9;24.3
1439;3;Empresa A;34;2;57;H;0;3;3;1;3;Heavy;11;29.7
1440;3;Empresa A;8;2;61;M;0;3;1;1;3;Heavy;7;18.9
1441;3;Empresa A;7;2;37;M;0;1;1;0;3;Heavy;7;18.9
1442;3;Empresa A;41;2;41;H;1;3;2;0;3;Heavy;12;32.4
1443;3;Empresa A;7;2;56;H;0;3;1;1;3;Heavy;8;21.6
1444;3;Empresa A;17;2;37;M;0;1;1;0;3;Heavy;8;21.6
1445;3;Empresa A;31;2;63;M;0;3;4;0;3;Heavy;11;29.7
1446;3;Empresa A;10;2;24;M;0;1;2;1;3;Heavy;8;21.6
1447;3;Empresa A;14;2;68;H;0;2;2;0;3;Heavy;10;27
1448;3;Empresa A;23;2;56;H;1;3;2;0;3;Heavy;7;18.9
1449;3;Empresa A;45;2;48;M;0;3;1;0;3;Heavy;11;29.7
1450;3;Empresa A;20;2;58;M;1;1;4;0;3;Heavy;9;24.3
1451;3;Empresa A;12;2;34;H;0;1;1;0;3;Heavy;10;27
1452;3;Empresa A;7;2;36;M;0;3;1;1;3;Heavy;8;21.6
1453;3;Empresa A;20;2;52;H;0;1;1;1;3;Heavy;10;27
1454;3;Empresa A;44;2;43;M;0;2;1;1;3;Heavy;7;18.9
1455;3;Empresa A;45;2;23;H;1;3;3;0;3;Heavy;9;24.3
1456;3;Empresa A;4;2;45;H;1;3;1;1;3;Heavy;10;27
1457;3;Empresa A;41;2;36;M;0;1;4;0;3;Heavy;10;27
1458;3;Empresa A;43;2;62;H;0;2;1;1;3;Heavy;12;32.4
1459;3;Empresa A;15;2;29;M;0;2;1;1;3;Heavy;8;21.6
1460;3;Empresa A;36;2;25;H;1;3;1;0;3;Heavy;8;21.6
1461;3;Empresa A;17;2;59;M;0;1;1;0;3;Heavy;10;27
1462;3;Empresa A;32;2;27;M;1;1;2;1;3;Heavy;11;29.7
1463;3;Empresa A;22;2;44;M;0;2;1;1;3;Heavy;12;32.4
1464;3;Empresa A;18;2;23;M;0;1;2;1;3;Heavy;12;32.4
1465;3;Empresa A;47;2;25;M;0;3;2;1;3;Heavy;11;29.7
1466;3;Empresa A;19;2;54;H;0;1;2;1;3;Heavy;12;32.4
1467;3;Empresa A;6;2;41;H;0;1;2;1;3;Heavy;11;29.7
1468;3;Empresa A;42;2;56;H;0;2;3;1;3;Heavy;7;18.9
1469;3;Empresa A;27;2;55;M;0;1;2;0;3;Heavy;9;24.3
1470;3;Empresa A;37;2;63;H;0;3;2;1;3;Heavy;11;29.7
1471;3;Empresa A;5;2;60;H;1;3;4;0;3;Heavy;9;24.3
1472;3;Empresa A;15;2;49;H;0;2;3;0;3;Heavy;8;21.6
1473;3;Empresa A;36;2;66;M;0;3;2;0;3;Heavy;11;29.7
1474;3;Empresa A;17;2;59;H;0;1;4;0;3;Heavy;9;24.3
1475;3;Empresa A;24;2;33;M;0;1;1;1;3;Heavy;10;27
1476;3;Empresa A;11;2;27;M;0;2;4;1;3;Heavy;12;32.4
1477;3;Empresa A;22;2;42;M;0;1;1;1;3;Heavy;9;24.3
1478;3;Empresa A;13;2;42;M;1;3;1;0;3;Heavy;7;18.9
1479;3;Empresa A;47;2;52;H;0;3;1;0;3;Heavy;11;29.7
1480;3;Empresa A;7;2;25;M;0;3;1;1;3;Heavy;12;32.4
1481;3;Empresa A;10;2;55;H;0;3;1;0;3;Heavy;7;18.9
1482;3;Empresa A;18;2;31;H;0;1;2;1;3;Heavy;7;18.9
1483;3;Empresa A;9;2;65;H;0;3;3;1;3;Heavy;8;21.6
1484;3;Empresa A;15;2;47;H;1;3;1;1;3;Heavy;11;29.7
1485;3;Empresa A;9;2;56;H;1;1;1;0;3;Heavy;11;29.7
1486;3;Empresa A;38;2;40;M;0;3;2;1;3;Heavy;8;21.6
1487;3;Empresa A;17;2;42;M;0;1;3;1;3;Heavy;11;29.7
1488;3;Empresa A;32;2;24;H;0;1;2;1;3;Heavy;11;29.7
1489;3;Empresa A;3;2;34;M;0;3;2;0;3;Heavy;8;21.6
1490;3;Empresa A;38;2;22;H;1;1;3;1;3;Heavy;7;18.9
1491;3;Empresa A;10;2;47;M;0;1;2;1;3;Heavy;12;32.4
1492;3;Empresa A;42;2;46;H;0;3;3;0;3;Heavy;9;24.3
1493;3;Empresa A;47;2;46;H;0;2;1;1;3;Heavy;11;29.7
1494;3;Empresa A;34;2;47;H;0;1;1;1;3;Heavy;10;27
1495;3;Empresa A;48;2;59;H;0;2;1;0;3;Heavy;12;32.4
1496;3;Empresa A;37;2;55;M;0;3;4;1;3;Super Heavy;21;56.7
1497;3;Empresa A;35;2;48;H;0;1;3;0;3;Super Heavy;21;56.7
1498;3;Empresa B;18;2;54;M;0;2;3;1;3;Super Heavy;20;54
1499;3;Empresa B;38;2;55;H;0;2;1;0;3;Super Heavy;22;59.4
1500;3;Empresa B;6;2;31;H;0;3;1;0;3;Super Heavy;22;59.4
;;;;;;;;;;;;;;
;;;;;;;;;;;;;;
;;;;;;;;;;;;;;
;;;;;;;;;;;;;;
;;;;;;;;;;;;;;
;;;;;;;;;;;;;;
;;;;;;;;;;;;;;
;;;;;;;;;;;;;;
;;;;;;;;;;;;;;
;;;;;;;;;;;;;;
;;;;;;;;;;;;;;
;;;;;;;;;;;;;;
;;;;;;;;;;;;;;
;;;;;;;;;;;;;;
;;;;;;;;;;;;;;
;;;;;;;;;;;;;;
;;;;;;;;;;;;;;
;;;;;;;;;;;;;;
;;;;;;;;;;;;;;
;;;;;;;;;;;;;;
;;;;;;;;;;;;;;
;;;;;;;;;;;;;;
;;;;;;;;;;;;;;
;;;;;;;;;;;;;;
;;;;;;;;;;;;;;
;;;;;;;;;;;;;;
;;;;;;;;;;;;;;
;;;;;;;;;;;;;;
;;;;;;;;;;;;;;
;;;;;;;;;;;;;;
;;;;;;;;;;;;;;
;;;;;;;;;;;;;;
;;;;;;;;;;;;;;
;;;;;;;;;;;;;;
;;;;;;;;;;;;;;
;;;;;;;;;;;;;;
;;;;;;;;;;;;;;
;;;;;;;;;;;;;;
;;;;;;;;;;;;;;
;;;;;;;;;;;;;;
;;;;;;;;;;;;;;
;;;;;;;;;;;;;;
;;;;;;;;;;;;;;
;;;;;;;;;;;;;;
;;;;;;;;;;;;;;
;;;;;;;;;;;;;;
;;;;;;;;;;;;;;
;;;;;;;;;;;;;;
;;;;;;;;;;;;;;
;;;;;;;;;;;;;;
;;;;;;;;;;;;;;
;;;;;;;;;;;;;;
;;;;;;;;;;;;;;
;;;;;;;;;;;;;;
;;;;;;;;;;;;;;
;;;;;;;;;;;;;;
;;;;;;;;;;;;;;
;;;;;;;;;;;;;;
;;;;;;;;;;;;;;
;;;;;;;;;;;;;;
;;;;;;;;;;;;;;
;;;;;;;;;;;;;;
;;;;;;;;;;;;;;
;;;;;;;;;;;;;;
;;;;;;;;;;;;;;
;;;;;;;;;;;;;;
;;;;;;;;;;;;;;
;;;;;;;;;;;;;;
;;;;;;;;;;;;;;
;;;;;;;;;;;;;;
;;;;;;;;;;;;;;
;;;;;;;;;;;;;;
;;;;;;;;;;;;;;
;;;;;;;;;;;;;;
;;;;;;;;;;;;;;
;;;;;;;;;;;;;;
;;;;;;;;;;;;;;
;;;;;;;;;;;;;;
;;;;;;;;;;;;;;
;;;;;;;;;;;;;;
;;;;;;;;;;;;;;
;;;;;;;;;;;;;;
;;;;;;;;;;;;;;
;;;;;;;;;;;;;;
;;;;;;;;;;;;;;
;;;;;;;;;;;;;;
;;;;;;;;;;;;;;
;;;;;;;;;;;;;;
;;;;;;;;;;;;;;
;;;;;;;;;;;;;;
;;;;;;;;;;;;;;
;;;;;;;;;;;;;;
;;;;;;;;;;;;;;
;;;;;;;;;;;;;;
;;;;;;;;;;;;;;
;;;;;;;;;;;;;;
;;;;;;;;;;;;;;
;;;;;;;;;;;;;;
;;;;;;;;;;;;;;
;;;;;;;;;;;;;;
;;;;;;;;;;;;;;
;;;;;;;;;;;;;;
;;;;;;;;;;;;;;
;;;;;;;;;;;;;;
;;;;;;;;;;;;;;
;;;;;;;;;;;;;;
;;;;;;;;;;;;;;
;;;;;;;;;;;;;;
;;;;;;;;;;;;;;
;;;;;;;;;;;;;;
;;;;;;;;;;;;;;
;;;;;;;;;;;;;;
;;;;;;;;;;;;;;
;;;;;;;;;;;;;;
;;;;;;;;;;;;;;
;;;;;;;;;;;;;;
;;;;;;;;;;;;;;
;;;;;;;;;;;;;;
;;;;;;;;;;;;;;
;;;;;;;;;;;;;;
;;;;;;;;;;;;;;
;;;;;;;;;;;;;;
;;;;;;;;;;;;;;
;;;;;;;;;;;;;;
;;;;;;;;;;;;;;
;;;;;;;;;;;;;;
;;;;;;;;;;;;;;
;;;;;;;;;;;;;;
;;;;;;;;;;;;;;
;;;;;;;;;;;;;;
;;;;;;;;;;;;;;
;;;;;;;;;;;;;;
;;;;;;;;;;;;;;
;;;;;;;;;;;;;;
;;;;;;;;;;;;;;
;;;;;;;;;;;;;;
;;;;;;;;;;;;;;
;;;;;;;;;;;;;;
;;;;;;;;;;;;;;
;;;;;;;;;;;;;;
;;;;;;;;;;;;;;
;;;;;;;;;;;;;;
;;;;;;;;;;;;;;
;;;;;;;;;;;;;;
;;;;;;;;;;;;;;
;;;;;;;;;;;;;;
;;;;;;;;;;;;;;
;;;;;;;;;;;;;;
;;;;;;;;;;;;;;
;;;;;;;;;;;;;;
;;;;;;;;;;;;;;
;;;;;;;;;;;;;;
;;;;;;;;;;;;;;
;;;;;;;;;;;;;;
;;;;;;;;;;;;;;
;;;;;;;;;;;;;;
;;;;;;;;;;;;;;
;;;;;;;;;;;;;;
;;;;;;;;;;;;;;
;;;;;;;;;;;;;;
;;;;;;;;;;;;;;
;;;;;;;;;;;;;;
;;;;;;;;;;;;;;
;;;;;;;;;;;;;;
;;;;;;;;;;;;;;
;;;;;;;;;;;;;;
;;;;;;;;;;;;;;
;;;;;;;;;;;;;;
;;;;;;;;;;;;;;
;;;;;;;;;;;;;;
;;;;;;;;;;;;;;
;;;;;;;;;;;;;;
;;;;;;;;;;;;;;
;;;;;;;;;;;;;;
;;;;;;;;;;;;;;
;;;;;;;;;;;;;;
;;;;;;;;;;;;;;
;;;;;;;;;;;;;;
;;;;;;;;;;;;;;
;;;;;;;;;;;;;;
;;;;;;;;;;;;;;
;;;;;;;;;;;;;;
;;;;;;;;;;;;;;
;;;;;;;;;;;;;;
;;;;;;;;;;;;;;
;;;;;;;;;;;;;;
;;;;;;;;;;;;;;
;;;;;;;;;;;;;;
;;;;;;;;;;;;;;
;;;;;;;;;;;;;;
;;;;;;;;;;;;;;
;;;;;;;;;;;;;;
;;;;;;;;;;;;;;
;;;;;;;;;;;;;;
;;;;;;;;;;;;;;
;;;;;;;;;;;;;;
;;;;;;;;;;;;;;
;;;;;;;;;;;;;;
;;;;;;;;;;;;;;
;;;;;;;;;;;;;;
;;;;;;;;;;;;;;
;;;;;;;;;;;;;;
;;;;;;;;;;;;;;
;;;;;;;;;;;;;;
;;;;;;;;;;;;;;
;;;;;;;;;;;;;;
;;;;;;;;;;;;;;
;;;;;;;;;;;;;;
;;;;;;;;;;;;;;
;;;;;;;;;;;;;;
;;;;;;;;;;;;;;
;;;;;;;;;;;;;;
;;;;;;;;;;;;;;
;;;;;;;;;;;;;;
;;;;;;;;;;;;;;
;;;;;;;;;;;;;;
;;;;;;;;;;;;;;
;;;;;;;;;;;;;;
;;;;;;;;;;;;;;
;;;;;;;;;;;;;;
;;;;;;;;;;;;;;
;;;;;;;;;;;;;;
;;;;;;;;;;;;;;
;;;;;;;;;;;;;;
;;;;;;;;;;;;;;
;;;;;;;;;;;;;;
;;;;;;;;;;;;;;
;;;;;;;;;;;;;;
;;;;;;;;;;;;;;
;;;;;;;;;;;;;;
;;;;;;;;;;;;;;
;;;;;;;;;;;;;;
;;;;;;;;;;;;;;
;;;;;;;;;;;;;;
;;;;;;;;;;;;;;
;;;;;;;;;;;;;;
;;;;;;;;;;;;;;
;;;;;;;;;;;;;;
;;;;;;;;;;;;;;
;;;;;;;;;;;;;;
;;;;;;;;;;;;;;
;;;;;;;;;;;;;;
;;;;;;;;;;;;;;
;;;;;;;;;;;;;;
;;;;;;;;;;;;;;
;;;;;;;;;;;;;;
;;;;;;;;;;;;;;
;;;;;;;;;;;;;;
;;;;;;;;;;;;;;
;;;;;;;;;;;;;;
;;;;;;;;;;;;;;
;;;;;;;;;;;;;;
;;;;;;;;;;;;;;
;;;;;;;;;;;;;;
;;;;;;;;;;;;;;
;;;;;;;;;;;;;;
;;;;;;;;;;;;;;
;;;;;;;;;;;;;;
;;;;;;;;;;;;;;
;;;;;;;;;;;;;;
;;;;;;;;;;;;;;
;;;;;;;;;;;;;;
;;;;;;;;;;;;;;
;;;;;;;;;;;;;;
;;;;;;;;;;;;;;
;;;;;;;;;;;;;;
;;;;;;;;;;;;;;
;;;;;;;;;;;;;;
;;;;;;;;;;;;;;
;;;;;;;;;;;;;;
;;;;;;;;;;;;;;
;;;;;;;;;;;;;;
;;;;;;;;;;;;;;
;;;;;;;;;;;;;;
;;;;;;;;;;;;;;
;;;;;;;;;;;;;;
;;;;;;;;;;;;;;
;;;;;;;;;;;;;;
;;;;;;;;;;;;;;
;;;;;;;;;;;;;;
;;;;;;;;;;;;;;
;;;;;;;;;;;;;;
;;;;;;;;;;;;;;
;;;;;;;;;;;;;;
;;;;;;;;;;;;;;
;;;;;;;;;;;;;;
;;;;;;;;;;;;;;
;;;;;;;;;;;;;;
;;;;;;;;;;;;;;
;;;;;;;;;;;;;;
;;;;;;;;;;;;;;
;;;;;;;;;;;;;;
;;;;;;;;;;;;;;
;;;;;;;;;;;;;;
;;;;;;;;;;;;;;
;;;;;;;;;;;;;;
;;;;;;;;;;;;;;
;;;;;;;;;;;;;;
;;;;;;;;;;;;;;
;;;;;;;;;;;;;;
;;;;;;;;;;;;;;
;;;;;;;;;;;;;;
;;;;;;;;;;;;;;
;;;;;;;;;;;;;;
;;;;;;;;;;;;;;
;;;;;;;;;;;;;;
;;;;;;;;;;;;;;
;;;;;;;;;;;;;;
;;;;;;;;;;;;;;
;;;;;;;;;;;;;;
;;;;;;;;;;;;;;
;;;;;;;;;;;;;;
;;;;;;;;;;;;;;
;;;;;;;;;;;;;;
;;;;;;;;;;;;;;
;;;;;;;;;;;;;;
;;;;;;;;;;;;;;
;;;;;;;;;;;;;;
;;;;;;;;;;;;;;
;;;;;;;;;;;;;;
;;;;;;;;;;;;;;
;;;;;;;;;;;;;;
;;;;;;;;;;;;;;
;;;;;;;;;;;;;;
;;;;;;;;;;;;;;
;;;;;;;;;;;;;;
;;;;;;;;;;;;;;
;;;;;;;;;;;;;;
;;;;;;;;;;;;;;
;;;;;;;;;;;;;;
;;;;;;;;;;;;;;
;;;;;;;;;;;;;;
;;;;;;;;;;;;;;
;;;;;;;;;;;;;;
;;;;;;;;;;;;;;
;;;;;;;;;;;;;;
;;;;;;;;;;;;;;
;;;;;;;;;;;;;;
;;;;;;;;;;;;;;
;;;;;;;;;;;;;;
;;;;;;;;;;;;;;
;;;;;;;;;;;;;;
;;;;;;;;;;;;;;
;;;;;;;;;;;;;;
;;;;;;;;;;;;;;
;;;;;;;;;;;;;;
;;;;;;;;;;;;;;
;;;;;;;;;;;;;;
;;;;;;;;;;;;;;
;;;;;;;;;;;;;;
;;;;;;;;;;;;;;
;;;;;;;;;;;;;;
;;;;;;;;;;;;;;
;;;;;;;;;;;;;;
;;;;;;;;;;;;;;
;;;;;;;;;;;;;;
;;;;;;;;;;;;;;
;;;;;;;;;;;;;;
;;;;;;;;;;;;;;
;;;;;;;;;;;;;;
;;;;;;;;;;;;;;
;;;;;;;;;;;;;;
;;;;;;;;;;;;;;
;;;;;;;;;;;;;;
;;;;;;;;;;;;;;
;;;;;;;;;;;;;;
;;;;;;;;;;;;;;
;;;;;;;;;;;;;;
;;;;;;;;;;;;;;
;;;;;;;;;;;;;;
;;;;;;;;;;;;;;
;;;;;;;;;;;;;;
;;;;;;;;;;;;;;
;;;;;;;;;;;;;;
;;;;;;;;;;;;;;
;;;;;;;;;;;;;;
;;;;;;;;;;;;;;
;;;;;;;;;;;;;;
;;;;;;;;;;;;;;
;;;;;;;;;;;;;;
;;;;;;;;;;;;;;
;;;;;;;;;;;;;;
;;;;;;;;;;;;;;
;;;;;;;;;;;;;;
;;;;;;;;;;;;;;
;;;;;;;;;;;;;;
;;;;;;;;;;;;;;
;;;;;;;;;;;;;;
;;;;;;;;;;;;;;
;;;;;;;;;;;;;;
;;;;;;;;;;;;;;
;;;;;;;;;;;;;;
;;;;;;;;;;;;;;
;;;;;;;;;;;;;;
;;;;;;;;;;;;;;
;;;;;;;;;;;;;;
;;;;;;;;;;;;;;
;;;;;;;;;;;;;;
;;;;;;;;;;;;;;
;;;;;;;;;;;;;;
;;;;;;;;;;;;;;
;;;;;;;;;;;;;;
;;;;;;;;;;;;;;
;;;;;;;;;;;;;;
;;;;;;;;;;;;;;
;;;;;;;;;;;;;;
;;;;;;;;;;;;;;
;;;;;;;;;;;;;;
;;;;;;;;;;;;;;
;;;;;;;;;;;;;;
;;;;;;;;;;;;;;
;;;;;;;;;;;;;;
;;;;;;;;;;;;;;
;;;;;;;;;;;;;;
;;;;;;;;;;;;;;
;;;;;;;;;;;;;;
;;;;;;;;;;;;;;
;;;;;;;;;;;;;;
;;;;;;;;;;;;;;
;;;;;;;;;;;;;;
;;;;;;;;;;;;;;
;;;;;;;;;;;;;;
;;;;;;;;;;;;;;
;;;;;;;;;;;;;;
;;;;;;;;;;;;;;
;;;;;;;;;;;;;;
;;;;;;;;;;;;;;
;;;;;;;;;;;;;;
;;;;;;;;;;;;;;
;;;;;;;;;;;;;;
;;;;;;;;;;;;;;
;;;;;;;;;;;;;;
;;;;;;;;;;;;;;
;;;;;;;;;;;;;;
;;;;;;;;;;;;;;
;;;;;;;;;;;;;;
;;;;;;;;;;;;;;
;;;;;;;;;;;;;;
;;;;;;;;;;;;;;
;;;;;;;;;;;;;;
;;;;;;;;;;;;;;
;;;;;;;;;;;;;;
;;;;;;;;;;;;;;
;;;;;;;;;;;;;;
;;;;;;;;;;;;;;
;;;;;;;;;;;;;;
;;;;;;;;;;;;;;
;;;;;;;;;;;;;;
;;;;;;;;;;;;;;
;;;;;;;;;;;;;;
;;;;;;;;;;;;;;
;;;;;;;;;;;;;;
;;;;;;;;;;;;;;
;;;;;;;;;;;;;;
;;;;;;;;;;;;;;
;;;;;;;;;;;;;;
;;;;;;;;;;;;;;
;;;;;;;;;;;;;;
;;;;;;;;;;;;;;
;;;;;;;;;;;;;;
;;;;;;;;;;;;;;
;;;;;;;;;;;;;;
;;;;;;;;;;;;;;
;;;;;;;;;;;;;;
;;;;;;;;;;;;;;
;;;;;;;;;;;;;;
;;;;;;;;;;;;;;
;;;;;;;;;;;;;;
;;;;;;;;;;;;;;
;;;;;;;;;;;;;;
;;;;;;;;;;;;;;
;;;;;;;;;;;;;;
;;;;;;;;;;;;;;
;;;;;;;;;;;;;;
;;;;;;;;;;;;;;
;;;;;;;;;;;;;;
;;;;;;;;;;;;;;
;;;;;;;;;;;;;;
;;;;;;;;;;;;;;
;;;;;;;;;;;;;;
;;;;;;;;;;;;;;
;;;;;;;;;;;;;;
;;;;;;;;;;;;;;
;;;;;;;;;;;;;;
;;;;;;;;;;;;;;
;;;;;;;;;;;;;;
;;;;;;;;;;;;;;
;;;;;;;;;;;;;;
;;;;;;;;;;;;;;
;;;;;;;;;;;;;;
;;;;;;;;;;;;;;
;;;;;;;;;;;;;;
;;;;;;;;;;;;;;
;;;;;;;;;;;;;;
;;;;;;;;;;;;;;
;;;;;;;;;;;;;;
;;;;;;;;;;;;;;
;;;;;;;;;;;;;;
;;;;;;;;;;;;;;
